"Freq [thz]","VSWR(1) [] - W1='4um'","VSWR(1) [] - W1='20um'","VSWR(1) [] - W1='30um'","VSWR(1) [] - W1='40um'","VSWR(1) [] - W1='50um'","VSWR(1) [] - W1='60um'"
1,15.8990310503171,22.3226533898739,22.5736783375983,21.8702603868014,23.7186992546819,23.7321033887212
1.02,15.2169070235507,21.53520224001,21.7796273393311,21.0476025305523,22.9789550393437,23.0423993189636
1.04,14.5227882626076,20.716638801996,20.9560827481321,20.1965462986826,22.1877968903364,22.2989695917663
1.06,13.8175488120695,19.8711974723523,20.1081160538005,19.3206185884707,21.3517465118622,21.5082903880392
1.08,13.1006770731892,19.0003464329229,19.2384643874054,18.4217578317725,20.474405802829,20.6740175723429
1.1,12.3702303728246,18.1038710956243,18.3487652887834,17.5009912274907,19.5577087046899,19.7979471441553
1.12,11.6217481918816,17.1803100419569,17.4402545121406,16.5590957607343,18.6024005811811,18.8805007764543
1.14,10.8448522509378,16.2269218156749,16.5141642380826,15.5968003086522,17.608358706022,17.9209178666253
1.16,10.0130139043713,15.2391929957697,15.5719530139169,14.6150761668027,16.5746445060329,16.9170265457256
1.18,9.05013192814091,14.2097475648758,14.6154413896941,13.6152031037543,15.4995179731157,15.8653616586997
1.2,7.7531562775697,13.1263230001776,13.6468959325676,12.5988876233045,14.3801435316589,14.7598763143151
1.22,6.54491613094309,11.9681924904621,12.6690871944054,11.5683875970472,13.2125082657349,13.5926123250791
1.24,6.85282784593549,10.7005850129147,11.6853380251399,10.5266301852875,11.9912142954012,12.3511976596589
1.26,6.68291514864575,9.26959069318644,10.6995742134314,9.47757035186768,10.7102716025901,11.0222373759044
1.28,6.17920807367884,7.620750033046,9.71638825302627,8.42630555013467,9.36608855110588,9.59640600625202
1.3,5.59885996592087,5.85681034363375,8.74112858595447,7.38003915076008,7.96768032438424,8.09532117721681
1.32,5.01338124735332,4.67824224057915,7.78003101544591,6.34904834941746,6.56340611225196,6.63568779454088
1.34,4.44697505387972,4.87244296371253,6.84041647300848,5.34842428342326,5.29538872887382,5.5093059889122
1.36,3.9107566985722,5.49647636405879,5.93098986470932,4.40183380037393,4.44058835708058,5.04549182212424
1.38,3.41125301856743,5.64337674120234,5.06228635649954,3.54431700528576,4.2410615765155,5.13521363416106
1.4,2.95292958272065,5.37307631652431,4.24731841252035,2.82924936551139,4.50013880981459,5.27594784027015
1.42,2.53887287605088,4.90024604761412,3.50247321720253,2.3318072511021,4.71492954699618,5.17420000887023
1.44,2.17131647895765,4.35353384354991,2.84872797181909,2.13252975888757,4.63283687420365,4.83530420811253
1.46,1.85178208845687,3.79795301928398,2.31347278222342,2.22264031343491,4.29449679006831,4.35541064112199
1.48,1.58268562908784,3.26668558309009,1.93341957825812,2.43396262668771,3.81797861304004,3.81801668043858
1.5,1.37200517221272,2.77743988612174,1.7506184968334,2.57233434124948,3.2972410843162,3.27834104960792
1.52,1.25127973791981,2.33988904694257,1.76233032533332,2.5483716175728,2.79073604224986,2.77042758169879
1.54,1.28115405011598,1.95917583640106,1.86792278627789,2.38334642479368,2.33238011110026,2.31494494115707
1.56,1.43470658063561,1.63869211809326,1.9485810365726,2.148220019772,1.94234755073018,1.92474871037917
1.58,1.65054435193712,1.3851486919391,1.95113352244116,1.9148033018922,1.63702426313353,1.61057523926075
1.6,1.90585521350994,1.23117119194141,1.89267497992032,1.74200589745379,1.44412790675048,1.39333084429059
1.62,2.19167442571003,1.26245162016274,1.82622809219367,1.67669368998322,1.41225715468722,1.32663853846733
1.64,2.5018453380175,1.43958009507209,1.80517766833882,1.73963676337783,1.54100689325193,1.43477102186283
1.66,2.83043764750557,1.67578726268124,1.85937312060705,1.91010147164819,1.76156614551468,1.64250517767857
1.68,3.17115614177995,1.93992382810732,1.98591960815231,2.14672159999281,2.01913951450134,1.88995698619519
1.7,3.51746012355018,2.21255996033569,2.15788370037657,2.40599224242555,2.27427913179414,2.14086368076664
1.72,3.8627328458655,2.47481292824873,2.33695999151264,2.64526907410624,2.49336565514849,2.3618840786994
1.74,4.20071371871228,2.71237693526241,2.48109316270505,2.83515097111694,2.66343784210135,2.52339646701417
1.76,4.52549787744529,2.92754565430236,2.55502455888099,2.98649596206319,2.8238788188058,2.62136794597754
1.78,4.83150186519112,3.14860419295988,2.55097608515738,3.15538021712742,3.06342364377739,2.71616950104303
1.8,5.11347825997902,3.41726361277876,2.51013047804725,3.39441918271215,3.43701981343545,2.93007185498317
1.82,5.36682778528386,3.75663987239206,2.51527581119527,3.70753684456873,3.9076793574915,3.33357968655147
1.84,5.58763333123026,4.15578971143728,2.63971892247083,4.0609004384745,4.3955282900364,3.86002016345623
1.86,5.77284471587068,4.58398341223711,2.89850646045773,4.41272984615695,4.83606220712872,4.38554437470335
1.88,5.92009747068623,5.01009489900888,3.25517106007829,4.72596032354496,5.19108643697341,4.82119025898485
1.9,6.02774600946244,5.41105004416019,3.65787235823493,4.96629590025027,5.43822814175266,5.12385558158004
1.92,6.09479693357991,5.77168582957865,4.06119720483565,5.0955582564795,5.56133793771895,5.27578526054536
1.94,6.12081266031098,6.08214756507295,4.4300767303588,5.07256745906097,5.54785022932688,5.27323687290465
1.96,6.10596120105313,6.33573879068868,4.73597185284308,4.90331010850975,5.39896554377686,5.13784825338901
1.98,6.0504440844978,6.52891259190342,4.95231132103528,4.78907705230383,5.16874041585972,4.96069645101115
2,5.95501677369339,6.66696339055418,5.05928188920541,5.02655897376303,5.03120403206435,4.9448229258888
2.02,5.8209917169282,6.77449336938523,5.08653761657794,5.48102472812179,5.22206786599574,5.2645020356433
2.04,5.65013893286774,6.87481919146329,5.17742165924289,5.85850803194283,5.70286220713195,5.77551747804816
2.06,5.4446284442718,6.94294443726684,5.42663168779163,6.08193871312277,6.15162864136576,6.17310838290655
2.08,5.20715116896164,6.94779192492649,5.69942313414257,6.17730498702346,6.3808117625281,6.33301446141247
2.1,4.94071384086478,6.88676348836016,5.8788595430685,6.17798445689507,6.39694027821908,6.28504052430205
2.12,4.64932104146326,6.76753513996683,5.95309717910779,6.10728497855587,6.25946543725081,6.08960140403933
2.14,4.33746380277337,6.59710447546536,5.9413194758908,5.98035136178443,6.01772695532585,5.79357084980595
2.16,4.0105018618482,6.38069604664877,5.8612754244115,5.80746737103937,5.70432478942238,5.42817928088312
2.18,3.67470378336384,6.12255462238892,5.72551173381565,5.59629856385449,5.34062922115577,5.01462406346361
2.2,3.33716618163466,5.82673863620728,5.543043125822,5.35303172506893,4.94183711300556,4.56891263522704
2.22,3.00573679426378,5.49727594857263,5.32095697200196,5.08316410046986,4.51997090841767,4.10480393095422
2.24,2.68878608579704,5.13876373289586,5.06540856884861,4.79191876527621,4.0856556701536,3.63566860264223
2.26,2.39489574693374,4.75643299150396,4.7821950920832,4.48452061569127,3.64903078757615,3.17558629004617
2.28,2.13255817706961,4.35641319732134,4.47708207312007,4.16638745131544,3.22024079797262,2.73986717585299
2.3,1.91000696234661,3.94586557775235,4.15597834967784,3.84328872468455,2.80957232936204,2.34498761488259
2.32,1.73521925888934,3.53300185607905,3.82500451934174,3.52138039484856,2.42742464331836,2.00727977020404
2.34,1.61543706423094,3.12715090394598,3.49047516607306,3.20745376055207,2.0841922116567,1.74006887796762
2.36,1.55434274687783,2.73816562529907,3.1588092299838,2.90884454448672,1.79015199172078,1.54827503754039
2.38,1.54660025047505,2.37602952796104,2.83639131439842,2.63356947595568,1.555493919409,1.42123819525719
2.4,1.57626885024824,2.04973208620501,2.52942601124108,2.39036360732686,1.38989690582953,1.33224625924868
2.42,1.62342888775103,1.76626695730809,2.24385613824879,2.18862987874188,1.29854978078659,1.2553460981212
2.44,1.67133433216075,1.52972646190029,1.9854664747704,2.03816065255408,1.27308710757131,1.18771309385343
2.46,1.708983176181,1.34096568281829,1.76041886999513,1.9477370961884,1.29829035772338,1.16322744154343
2.48,1.73077098706584,1.19823800526993,1.5767516975634,1.92206453476662,1.37103894110636,1.21991948269492
2.5,1.73531240230766,1.10072932528644,1.44748732746779,1.95840119888326,1.49057267916318,1.33510207524342
2.52,1.72385113095338,1.06681920086637,1.39221873913234,2.04631853718927,1.64777993445349,1.48085693157677
2.54,1.6985133456968,1.108883284525,1.4231257819717,2.1710206658034,1.83004554677503,1.64498565524492
2.56,1.66077363684005,1.18550152153769,1.52643821272295,2.31663585091466,2.02620462714044,1.82186731500596
2.58,1.61059364321406,1.29314296836466,1.67857428066491,2.46733026360213,2.22793654954397,2.008627836331
2.6,1.54670151863239,1.43824377680724,1.86273834475811,2.60714000198156,2.42940311642867,2.20314270311976
2.62,1.46831127636487,1.62098534701213,2.06655935340321,2.71967708307804,2.62602126678247,2.40181095475383
2.64,1.38029697687373,1.83181499539818,2.27630921130412,2.7885164679721,2.81272330035512,2.59696688323215
2.66,1.30764300019089,2.0510436340861,2.47362211068897,2.7987759434261,2.98215857309161,2.7749594648784
2.68,1.31170561043993,2.252211793924,2.63588451163803,2.74104580887092,3.12350980834897,2.91664880322305
2.7,1.40769397335138,2.40916824360711,2.74048524029846,2.61925868694223,3.22297943608446,3.00183681537814
2.72,1.50219271911385,2.50369078897339,2.77111903331355,2.46073037121616,3.26726325758131,3.01735362858996
2.74,1.54049953243647,2.52997489011695,2.72282062797575,2.315398068825,3.2510358591212,2.965828662353
2.76,1.54680052768879,2.49518106647008,2.60352710719169,2.23002932116554,3.18555870719427,2.86936683897807
2.78,1.55897277076213,2.41822925573672,2.43274191566279,2.21638014446677,3.09778649833025,2.76203083853241
2.8,1.59896297752053,2.32914073952215,2.23931271041439,2.25285693118206,3.01375317313963,2.6721961732819
2.82,1.6737077301584,2.26751563239044,2.05939433751159,2.31209458522227,2.94307752421381,2.60924771342386
2.84,1.78145047714014,2.27272361254439,1.93327896992649,2.37780847213253,2.88100424452164,2.56620636424911
2.86,1.91704253457828,2.36197249062466,1.89613256507008,2.44443685443407,2.81911147171085,2.53121538019781
2.88,2.07455520461332,2.51606173475648,1.96030892083675,2.51162884329478,2.75269765473156,2.49605116222146
2.9,2.24798803435713,2.69453114579078,2.10734095892266,2.5803909078142,2.68416009624678,2.45947155518458
2.92,2.43125090352802,2.862267525874,2.30339388097934,2.65159537615363,2.62402712409628,2.4277993962684
2.94,2.61807665884077,3.00127235975358,2.51728706146296,2.7258526333991,2.58847343375093,2.41302411529306
2.96,2.80207975423481,3.10801668693075,2.72717399746174,2.80385558722599,2.59248850460309,2.42779379552973
2.98,2.9769530035067,3.18729000089923,2.92002685036661,2.88660021940638,2.64245685148988,2.47931756064213
3,3.1367878382185,3.24738789352627,3.08900689170787,2.97511717452578,2.73377953696954,2.56637767921038
3.02,3.27640446639757,3.29639187151007,3.23101870229291,3.06963778936524,2.85438393194973,2.6810878497665
3.04,3.39170363877442,3.33933520346989,3.34502969532431,3.16866997415688,2.98994618421856,2.81290104856113
3.06,3.47991039034273,3.37712195084097,3.43100126033649,3.26898700687699,3.12742583261415,2.95181734353931
3.08,3.53973394474491,3.40742041306411,3.48929320988975,3.36677621953958,3.25644915847916,3.08974579697641
3.1,3.57135914026414,3.42654187106066,3.52058899968606,3.45914865976209,3.36952738513496,3.22047148806548
3.12,3.57633495804696,3.43111110530674,3.52620769192832,3.54455625546535,3.46179297421835,3.33886870605477
3.14,3.55732556282723,3.41889686126721,3.50838624194635,3.62229639739942,3.53057674529626,3.44000330304511
3.16,3.51778687565545,3.38904991339444,3.47024317510949,3.69155119165235,3.57474345396624,3.51851963697436
3.18,3.46160286505804,3.34188127712499,3.41546784888481,3.75072732811798,3.59377667322875,3.56866445945681
3.2,3.39274409983579,3.27858168291403,3.34791591339342,3.79722098581155,3.5867914784863,3.58499446407849
3.22,3.31487620227365,3.20094985154781,3.27123934481112,3.82753288147911,3.55196404258722,3.56341367315754
3.24,3.23116107479269,3.1112525677946,3.18860209904068,3.83766349590271,3.48674861006154,3.50210271211592
3.26,3.14406116267243,3.01208814745161,3.10249265634432,3.82363453790089,3.38884636654783,3.40197519301993
3.28,3.05526690301201,2.90630276675977,3.01463220617922,3.7820550314143,3.25742967466391,3.26659961917962
3.3,2.96579118230627,2.79680211769952,2.92597421484226,3.71057828749461,3.09405907248526,3.10173292486819
3.32,2.87617546246988,2.68630391206635,2.83678915659128,3.60822886521521,2.90301526443714,2.91468410732017
3.34,2.7867930992608,2.57704683957028,2.74682452788665,3.47558207735924,2.69102142185103,2.71357242412668
3.36,2.69823903461223,2.47054027162771,2.65552417854841,3.31488659417809,2.46651961243709,2.50664218042736
3.38,2.61166370751964,2.36744529529226,2.562282670246,3.13013712054825,2.23868228968257,2.30160497289083
3.4,2.52889645164415,2.26760651726315,2.46670120850644,2.92704831458172,2.01635119646911,2.10508479978832
3.42,2.45223270038391,2.1702605613816,2.36880470000744,2.71279763074014,1.80715389149954,1.92222040537368
3.44,2.38380800105059,2.07433928810168,2.2691789871777,2.49545841060685,1.61701473096918,1.75652290981149
3.46,2.32475789412248,1.97888881575,2.16899724973466,2.28322076367524,1.45036448618145,1.61008570273549
3.48,2.27441912327255,1.88344422979016,2.06992545114634,2.08354263524892,1.31170136228618,1.4843277512759
3.5,2.22994069996137,1.78840730251285,1.97392307463244,1.9025178297739,1.21066043586884,1.38148986677431
3.52,2.18644424139015,1.69529916708684,1.8829767209418,1.74456234848479,1.17177592684524,1.3069914742567
3.54,2.13768809642612,1.60690269228338,1.79881106526642,1.61249437740765,1.21155895081769,1.27073889765763
3.56,2.07700452756556,1.52723090816784,1.72261456986562,1.50777472914019,1.29998902519521,1.28047417486273
3.58,1.99845207909074,1.46126870761499,1.65480949110792,1.43065082478777,1.40980683448583,1.32996435234588
3.6,1.89792267470096,1.41426343052264,1.59490317549748,1.37984816598557,1.52925062762743,1.40339611103326
3.62,1.77428625615998,1.39028850560421,1.54147901130044,1.35186019116822,1.65199979271537,1.48691103171604
3.64,1.63024444403206,1.39036395049031,1.49239475968649,1.34062741022453,1.77388611561068,1.5720086490648
3.66,1.4726083578936,1.41172055738653,1.44523423246826,1.33837804297744,1.89249818336269,1.65543221400508
3.68,1.31133583885586,1.44918162180557,1.39803864374709,1.3377763919478,2.00692036238224,1.73872430959988
3.7,1.15714102231531,1.49708710037012,1.35040333332402,1.33644804946263,2.11674185722908,1.82699179285099
3.72,1.02116288691138,1.55020910119295,1.30519859410889,1.34265584662264,2.220400856594,1.92552308190185
3.74,1.11448349565307,1.60395549093763,1.27113811026986,1.36887166372036,2.3134305825543,2.03355417501813
3.76,1.25325694261658,1.65464569206537,1.26415823308844,1.41558795124509,2.38751037225001,2.13846905668214
3.78,1.39656313368914,1.69983220758238,1.29981157540166,1.47362419196144,2.4313411723637,2.21894887324316
3.8,1.54174829396616,1.73815003102853,1.37944463591381,1.53483078649593,2.43389339861657,2.25926424052588
3.82,1.68782436606578,1.76843763051842,1.49171415996509,1.59463873538248,2.38960333303506,2.2610431520527
3.84,1.834881167179,1.78927019900321,1.62227649479043,1.65099394822199,2.30384256719526,2.24263713893416
3.86,1.98337912248403,1.80245841431398,1.75944506991765,1.70354025972648,2.19630329029982,2.22983257494139
3.88,2.13350351042359,1.82048746522091,1.89791372370151,1.75328931801989,2.09892933502067,2.2420021548392
3.9,2.28468078372068,1.8619962664932,2.03829171713626,1.8024733265889,2.04458242366429,2.2811491554845
3.92,2.43535695461221,1.93444723131529,2.1828490842669,1.85434266720947,2.04849675444509,2.3344568286702
3.94,2.58304887095893,2.03254529139742,2.33246397336149,1.91279389420309,2.09870294428144,2.38659421728793
3.96,2.72458563533165,2.14788956120323,2.48613401598711,1.98170308877757,2.16822488365741,2.42866477011265
3.98,2.85654638708444,2.27324785032874,2.64145646855149,2.06396302768308,2.23434954009758,2.45906045684922
4,2.9756750866987,2.40253903590443,2.79508307771198,2.16040400350243,2.28657753390751,2.48002839721082
4.02,3.07926740217164,2.53028827164579,2.94302186083648,2.26906580774757,2.32367796184965,2.49424209865165
4.04,3.165372638413,2.65143120850953,3.08087349390801,2.38519889226812,2.34795856110252,2.50313717609358
4.06,3.2328286446353,2.76134388319267,3.20406274193329,2.50205188905588,2.36148800418993,2.5068258784081
4.08,3.28112249530604,2.85591846255692,3.30808865247533,2.61205711290307,2.36499086465882,2.50477935187228
4.1,3.31018075337445,2.93164061321946,3.38880120833678,2.70793723277007,2.35841527444216,2.49654206165159
4.12,3.32013841335557,2.98567297417067,3.44269940794705,2.78353475739718,2.34200379858639,2.48212154269647
4.14,3.31117842667421,3.01597889098058,3.46722651628782,2.83434255527258,2.31699426331739,2.46197655024346
4.16,3.2834451529701,3.02148025795859,3.4610185680329,2.85783915850571,2.28568157899971,2.43671018629341
4.18,3.23702931335078,3.00217736890048,3.4240563112734,2.85349022728636,2.25076730676529,2.40665479712798
4.2,3.17202266778098,2.95914598516545,3.35768676350758,2.82250224273012,2.21439149197477,2.37159286566005
4.22,3.0885866072205,2.89436785352921,3.2645108301899,2.76733960807467,2.17737872265553,2.33082294367199
4.24,2.98712648053572,2.81041567792953,3.14815972309975,2.69128343089453,2.13915530136468,2.28357492158879
4.26,2.86853843960533,2.71009361006222,3.01299235477722,2.59811438712181,2.09840144269402,2.2296597865388
4.28,2.73461052029123,2.59614211617614,2.86374280308436,2.49205978138171,2.05408820793035,2.17003113176696
4.3,2.58845531616233,2.47112468972045,2.70514885785254,2.37786739752049,2.00637224233154,2.10692553044609
4.32,2.43473353983277,2.33752650527321,2.54161399144197,2.26068239581327,1.95700253765082,2.04337407143606
4.34,2.27923894849155,2.19801480528023,2.37699037713665,2.14555290129218,1.90908923936726,1.98219447141115
4.36,2.12773365670985,2.05572882679646,2.21458643305088,2.03667232427966,1.86621000415044,1.92487463682337
4.38,1.98453658277274,1.91442715618955,2.05744494243994,1.93685653318482,1.83094461907321,1.87099047721979
4.4,1.85179929806829,1.77841256792561,1.90877656603634,1.84767750501862,1.80329217309702,1.81852615250178
4.42,1.7298687398353,1.65226769305009,1.77225881442301,1.77006357061233,1.77983605715459,1.76488510416251
4.44,1.61834340030602,1.54065281853637,1.65195653946482,1.70484247806152,1.75447791983627,1.70797423905171
4.46,1.51721074272586,1.44838524815043,1.55195363673051,1.65280859715455,1.72058556664631,1.64684023472987
4.48,1.42777051741506,1.38071021208002,1.47596319501633,1.61427764131837,1.67335835368596,1.58176435626002
4.5,1.35338273052262,1.34277328949104,1.426776719152,1.58836195248405,1.61119267958286,1.51399370016087
4.52,1.29991298882363,1.33692903189107,1.4050345439503,1.57239775532356,1.53568397540895,1.44535022863342
4.54,1.27437876169684,1.35959072784866,1.40772923273829,1.56186953647881,1.45066186324045,1.37791031576115
4.56,1.27966793464914,1.40225649905261,1.42817157429949,1.55088678212633,1.3609000561086,1.31386550650238
4.58,1.30970853804412,1.4553865906043,1.45780908672135,1.53298038198171,1.2710346072868,1.25566608625235
4.6,1.35278409947497,1.51051313313914,1.4881826111304,1.50203935080803,1.18526036741536,1.20653203158547
4.62,1.39754185311775,1.56042544034257,1.51200315824018,1.45346741848621,1.10951355744544,1.17126514139937
4.64,1.43543620284546,1.59904210072785,1.52369168721978,1.38570458718131,1.06754076313411,1.15608185973224
4.66,1.46117386054443,1.62162522652846,1.51987387056056,1.30172363459409,1.10427048009833,1.16452499342972
4.68,1.47296875929838,1.62534080419192,1.4999733241378,1.20946180573058,1.17998082766268,1.19317770235353
4.7,1.47264370146978,1.60993858325541,1.46672872895908,1.12135249641205,1.26622150884164,1.23541774471833
4.72,1.46502615028533,1.57823674836418,1.4262002640472,1.06446578595882,1.35484286705035,1.28626261594752
4.74,1.45616394872812,1.53589015230823,1.38674205569143,1.09293623826677,1.4406663868892,1.34289428697948
4.76,1.4508623314866,1.49008307036153,1.35669258891749,1.15975822241884,1.51959925873869,1.40369137351973
4.78,1.45089404189378,1.44743046507145,1.34130860757479,1.22912904085987,1.58880632333115,1.46741303376384
4.8,1.45499020265753,1.41208630346552,1.34072538235842,1.29495356059957,1.64688910546519,1.53271044665282
4.82,1.4602278170216,1.38513508566126,1.35084483419232,1.3557148613094,1.6938660988617,1.59789030111787
4.84,1.46355156320856,1.36551151244211,1.36629599139616,1.41083714907347,1.73102156550042,1.66090845459532
4.86,1.46262680001447,1.35163415159351,1.38273885207252,1.46010830059261,1.76056726243706,1.71950016457703
4.88,1.45604618829334,1.34263962937276,1.39750575314309,1.50362752150058,1.78502515706057,1.77133010971825
4.9,1.44320370009131,1.33864724510091,1.40933933510986,1.54175433452197,1.80632865500932,1.81407745960144
4.92,1.42409735997042,1.34026021656247,1.41802965194047,1.57496692556233,1.82495147933087,1.84551516062377
4.94,1.39918219231562,1.34790216598096,1.42423208120701,1.60376215056637,1.83952200386785,1.86366201515487
4.96,1.36931657945358,1.36148301793476,1.42942100351958,1.62870112978332,1.84717673599353,1.86711741479242
4.98,1.33585916878433,1.38046877706928,1.43583183304509,1.650589885236,1.84450527312342,1.85546287048201
5,1.30093005815433,1.40412098525083,1.44623563285739,1.67056369327816,1.82869764965361,1.82958450440731
5.02,1.26793634489345,1.43172405065723,1.46342223911666,1.6898263712887,1.79846789517586,1.79177503226581
5.04,1.24232337724363,1.46275848228677,1.48940710872849,1.70897558327789,1.75451920386032,1.74553866731797
5.06,1.23183736689182,1.49702071975401,1.524667687405,1.72719889997406,1.69945593770338,1.69509048830219
5.08,1.24433431567568,1.53464320031654,1.56792623928971,1.74189594676246,1.637286599003,1.6446239457844
5.1,1.28325524243473,1.57597264058788,1.61674988332432,1.74924625416318,1.57273863174761,1.59751906609137
5.12,1.34634679002002,1.62131602837249,1.66860234441923,1.74570023572985,1.51049407083097,1.55577868162226
5.14,1.42864772898872,1.67064026154703,1.72159608308808,1.72965335861903,1.4544885942716,1.51991419338759
5.16,1.5244920806489,1.72331356220719,1.77449496789436,1.70222998225299,1.40728004069783,1.48928770528269
5.18,1.62746909570874,1.77794555776783,1.82614204276129,1.66656174182155,1.36975256219801,1.46275118331248
5.2,1.7300558137969,1.83235228013758,1.87480084745798,1.62603291890486,1.34139583697867,1.43930210582241
5.22,1.82390846797298,1.88368765664919,1.91779375732889,1.58276763624769,1.32132741651638,1.41856642925622
5.24,1.90100992853637,1.92874827885029,1.95160103948399,1.53747558963634,1.30968025075268,1.40106167689321
5.26,1.95525391898957,1.96445146766606,1.97243664027526,1.4906782075247,1.30842168554257,1.38816230229647
5.28,1.98371239777111,1.98836338520481,1.97718455647521,1.44420780798557,1.32059092605526,1.38169888908521
5.3,1.98694354677148,1.99911549816906,1.96437838474394,1.40173969133317,1.34808624934571,1.38312617416277
5.32,1.96831858883627,1.99652557412997,1.93474473366798,1.36792411343138,1.38982943752372,1.3925997392237
5.34,1.9328742252364,1.98144358257758,1.89097065276246,1.34654748529791,1.44192801346775,1.40864685438748
5.36,1.88630604967594,1.95542335382088,1.83683034912275,1.33880930591416,1.4992139161782,1.42877236726276
5.38,1.83437288368458,1.92040036868615,1.77623950689766,1.34301523271678,1.55676325053909,1.45063210627489
5.4,1.78259086116013,1.87841496054904,1.71283003267157,1.35604159159876,1.61085307082905,1.47313453798757
5.42,1.7357892145574,1.83138111435766,1.65023043986366,1.37529395243496,1.65946783692577,1.49706590034347
5.44,1.69718589702215,1.78094829576285,1.59258847477463,1.39985452546879,1.70255988726306,1.52504583639888
5.46,1.66725345182499,1.72855321603248,1.54436526006337,1.43061436932346,1.7421297281056,1.56067825569252
5.48,1.64345668406053,1.67568250785909,1.5087810657118,1.46967762969849,1.78194099626592,1.60700642405989
5.5,1.62175674615659,1.62419106446768,1.48594356371511,1.51936451903049,1.82647081803783,1.66496817124333
5.52,1.59906823617148,1.57650278008237,1.47285593159831,1.58098825639877,1.87888437884068,1.7328572722839
5.54,1.57487024718297,1.53565396744243,1.46560468345471,1.65372766158452,1.93885612400694,1.80713063947501
5.56,1.55122786494732,1.50524887352533,1.46159592686682,1.73405033644618,2.00184367786898,1.88376089361592
5.58,1.53188025197194,1.48934137246952,1.46050699581746,1.81605022671447,2.06064218221568,1.95901209289976
5.6,1.52121699478171,1.49208450241701,1.46443785040988,1.89274590623022,2.10808333980151,2.02928816169852
5.62,1.52339820654712,1.51699534566689,1.47790781312698,1.95784349763008,2.13928796765103,2.09073726488579
5.64,1.54163432756291,1.5660403064216,1.507525349961,2.00737919229026,2.15293726370869,2.13964878831725
5.66,1.57772233343633,1.63905763344173,1.56064542548522,2.04084054425781,2.15151637132029,2.17390518652151
5.68,1.63201932668166,1.73373584761155,1.64281606652525,2.06166904007503,2.14021976064106,2.19443663974855
5.7,1.70375305222911,1.84593500674037,1.75498070894122,2.07691140261995,2.12492757751149,2.20531317469878
5.72,1.79135663321315,1.97015573619176,1.8918249667941,2.09541796072416,2.11068593303547,2.21237377325186
5.74,1.89257760019212,2.10013838137514,2.04216143141481,2.12441878537618,2.10151607389768,2.22145932836898
5.76,2.00436155081577,2.22955348446615,2.19165601469353,2.16608589707709,2.10097522599787,2.23719562303059
5.78,2.12270109099786,2.3526474053267,2.32705773011817,2.21679292228583,2.11249248076549,2.26247887921028
5.8,2.24263460219172,2.46470579773782,2.43980907774475,2.26968816728465,2.13900957476582,2.29845566866155
5.82,2.35853932945959,2.5622944469246,2.52724775357206,2.31813521829419,2.18215609714977,2.34471132546655
5.84,2.46467595717273,2.64332754652841,2.59138086124912,2.3576547631562,2.24158645662525,2.39953641027871
5.86,2.555849787892,2.7069808314716,2.63649682411417,2.38606988931144,2.31494996519621,2.46017549368486
5.88,2.62795552034205,2.75345073693831,2.66691816469721,2.40289569813147,2.39840548610242,2.52304185707773
5.9,2.67828274667013,2.78358284163071,2.68563557025018,2.40864533828041,2.48725732697816,2.58395594664515
5.92,2.70557607506496,2.79846434568185,2.69399238113253,2.40436148447894,2.57640041674993,2.6384650702427
5.94,2.70998410363011,2.7991258546268,2.69215961593291,2.391338786581,2.66057579788783,2.68223809854812
5.96,2.69300224405052,2.78649908545898,2.67991690314611,2.37092669688857,2.73456236660575,2.71148336113002
5.98,2.65750505873152,2.76166983182878,2.65729344997428,2.34451747058531,2.79352303724744,2.72330341679618
6,2.60787499495001,2.72627883917016,2.62485945654931,2.31375529825751,2.83365516182322,2.71603205404232
6.02,2.55021633334994,2.68278785385544,2.58373206391192,2.28109299420781,2.85300027296141,2.68957487964274
6.04,2.49257971650396,2.63434831325815,2.5355465333873,2.25067522843758,2.8518898110003,2.64578863344413
6.06,2.4449450601739,2.58427535472815,2.48267302350659,2.22901363610209,2.83267808332741,2.58897757008277
6.08,2.41845808533565,2.53544699634598,2.42877565897352,2.22394263862618,2.79914382863736,2.52653864053174
6.1,2.42315905686581,2.49005470916554,2.37938094604817,2.24042227652099,2.75618281697153,2.46916944229314
6.12,2.4640996969682,2.44991454255778,2.34154183332643,2.27600967174895,2.70977543981288,2.42908398728795
6.14,2.53771167569622,2.41715298846591,2.32161556333979,2.32211766035064,2.66642031988233,2.41515089684423
6.16,2.6316721387546,2.39448916162712,2.32202122493612,2.3704812092281,2.63134062895385,2.42794305216124
6.18,2.72959086057341,2.3839987715317,2.34052074601269,2.41746864992078,2.6062781934889,2.46011927769361
6.2,2.81767181092695,2.38483344788102,2.37347558623719,2.46365859541868,2.58903216943186,2.5018194683908
6.22,2.8890113254963,2.39353481327534,2.41922076425555,2.51150633417986,2.57561891024984,2.54534167976958
6.24,2.94396581137353,2.4080904451876,2.47847086215914,2.5630999702076,2.56328986335853,2.58632116139489
6.26,2.98799017967287,2.43035290153802,2.55287736986271,2.61825365889566,2.55218149110755,2.62288935971726
6.28,3.02898361041459,2.46441919355026,2.64351578189824,2.67280543290642,2.54500045603746,2.65460564121379
6.3,3.07521187814608,2.51426299045115,2.7498426095249,2.71773011910289,2.54556334360514,2.68172420171988
6.32,3.13378887746375,2.58269830741344,2.86918738900989,2.74037749691953,2.55724443439005,2.70465026646029
6.34,3.20946855655375,2.67116260442801,2.99685291656505,2.72869710369914,2.58197632033674,2.72334116968366
6.36,3.30349360447499,2.77941508782678,3.12669390418805,2.67687309600981,2.61984535606159,2.73660122908475
6.38,3.41256497605466,2.9047310082062,3.25176241591714,2.5885477344419,2.66913528185736,2.74148204841952
6.4,3.52823766568459,3.04074004588642,3.3646954901555,2.47518881739835,2.72622878686629,2.73321676506495
6.42,3.63730054379997,3.17674607288666,3.45795604858832,2.35142757619081,2.78476243803502,2.70619437905723
6.44,3.72370213090879,3.29871022797451,3.52432461734501,2.23102181860139,2.83456597909926,2.65620551313617
6.46,3.77206358498104,3.39232207558284,3.55783912355414,2.1252129367624,2.86271782132228,2.58399670228698
6.48,3.77157650011978,3.44692618849089,3.55488993360627,2.0427663900644,2.85838342743672,2.49957522846835
6.5,3.71847056532682,3.45812048143951,3.51488418425336,1.99036467088991,2.81938343221987,2.42418997981888
6.52,3.61577800930092,3.42780475633157,3.44008556580667,1.97249293283844,2.75577021385798,2.38305161591557
6.54,3.47102736499258,3.3622691685429,3.33475654198867,1.99088897448211,2.68704223991911,2.3886674950092
6.56,3.29342674698786,3.26970707969878,3.20416934381637,2.04416804054122,2.63370666124267,2.43284925197604
6.58,3.09193444327078,3.1582115048734,3.05409169148687,2.12804841555101,2.60795074336263,2.49778706240979
6.6,2.87457198154478,3.03460665019401,2.89096265064695,2.23598262673043,2.60985287120994,2.56955035978073
6.62,2.64880451695208,2.90402103712151,2.72248931429254,2.35964485280527,2.63123169885611,2.64136916847727
6.64,2.4227015947944,2.77010483409419,2.55824076475004,2.48918300281705,2.66226420522688,2.71075371965554
6.66,2.20669703282863,2.63596810518268,2.40988733239577,2.61379027078283,2.69545307449376,2.77641723935135
6.68,2.01567969946416,2.50588514675343,2.2905192041531,2.72331298722537,2.72613613538981,2.83681436671494
6.7,1.8700421055105,2.38705388021434,2.21208211157244,2.81070114309168,2.75143079255896,2.88997686113291
6.72,1.79164470613037,2.28946824496841,2.18074801685053,2.87386529743839,2.76927701244639,2.93385798223909
6.74,1.79064710551595,2.22208750385355,2.19298214301739,2.91550626195277,2.77823362033699,2.96647976781522
6.76,1.85386609097321,2.18706863112452,2.23660929876655,2.94118212055882,2.77795537830932,2.98565552089944
6.78,1.95368972145676,2.17779214398229,2.29671953510296,2.95706601425108,2.7697546648939,2.98885865898487
6.8,2.0666705517686,2.18343422050179,2.3613544400164,2.96830971729936,2.75663545006496,2.97398042596063
6.82,2.18112348829044,2.19572068781194,2.42373706391176,2.97801375119029,2.74272173197502,2.94083535826122
6.84,2.29429486190918,2.21244156762855,2.48194260192944,2.98665192208499,2.73256771206245,2.89246384092965
6.86,2.40715360838092,2.23667819625188,2.53772811878862,2.9923292494893,2.73077322414334,2.83543244435396
6.88,2.52072354321293,2.27353638808181,2.5949792353519,2.99187712487649,2.74145806388595,2.77886226781459
6.9,2.63429768371372,2.32655752304508,2.6577808952061,2.98220252004101,2.76648893888851,2.7322999939481
6.92,2.74497798633674,2.3955713334851,2.72859709807917,2.96118532173049,2.80202091081744,2.70292796919063
6.94,2.84804772598485,2.4766759386407,2.80715659009765,2.92799640428424,2.83564860474664,2.69256279149137
6.96,2.93781754447493,2.56372049923643,2.8902497118605,2.8830124207973,2.84924634309794,2.69501393673269
6.98,3.00860901834994,2.65024284694008,2.97235870113307,2.82748881487379,2.82906562624595,2.69613877597298
7,3.05558218417699,2.73122480699472,3.04691711234219,2.76314889396767,2.77444757117363,2.68016208987414
1,,,,,,
1.02,,,,,,
1.04,,,,,,
1.06,,,,,,
1.08,,,,,,
1.1,,,,,,
1.12,,,,,,
1.14,,,,,,
1.16,,,,,,
1.18,,,,,,
1.2,,,,,,
1.22,,,,,,
1.24,,,,,,
1.26,,,,,,
1.28,,,,,,
1.3,,,,,,
1.32,,,,,,
1.34,,,,,,
1.36,,,,,,
1.38,,,,,,
1.4,,,,,,
1.42,,,,,,
1.44,,,,,,
1.46,,,,,,
1.48,,,,,,
1.5,,,,,,
1.52,,,,,,
1.54,,,,,,
1.56,,,,,,
1.58,,,,,,
1.6,,,,,,
1.62,,,,,,
1.64,,,,,,
1.66,,,,,,
1.68,,,,,,
1.7,,,,,,
1.72,,,,,,
1.74,,,,,,
1.76,,,,,,
1.78,,,,,,
1.8,,,,,,
1.82,,,,,,
1.84,,,,,,
1.86,,,,,,
1.88,,,,,,
1.9,,,,,,
1.92,,,,,,
1.94,,,,,,
1.96,,,,,,
1.98,,,,,,
2,,,,,,
2.02,,,,,,
2.04,,,,,,
2.06,,,,,,
2.08,,,,,,
2.1,,,,,,
2.12,,,,,,
2.14,,,,,,
2.16,,,,,,
2.18,,,,,,
2.2,,,,,,
2.22,,,,,,
2.24,,,,,,
2.26,,,,,,
2.28,,,,,,
2.3,,,,,,
2.32,,,,,,
2.34,,,,,,
2.36,,,,,,
2.38,,,,,,
2.4,,,,,,
2.42,,,,,,
2.44,,,,,,
2.46,,,,,,
2.48,,,,,,
2.5,,,,,,
2.52,,,,,,
2.54,,,,,,
2.56,,,,,,
2.58,,,,,,
2.6,,,,,,
2.62,,,,,,
2.64,,,,,,
2.66,,,,,,
2.68,,,,,,
2.7,,,,,,
2.72,,,,,,
2.74,,,,,,
2.76,,,,,,
2.78,,,,,,
2.8,,,,,,
2.82,,,,,,
2.84,,,,,,
2.86,,,,,,
2.88,,,,,,
2.9,,,,,,
2.92,,,,,,
2.94,,,,,,
2.96,,,,,,
2.98,,,,,,
3,,,,,,
3.02,,,,,,
3.04,,,,,,
3.06,,,,,,
3.08,,,,,,
3.1,,,,,,
3.12,,,,,,
3.14,,,,,,
3.16,,,,,,
3.18,,,,,,
3.2,,,,,,
3.22,,,,,,
3.24,,,,,,
3.26,,,,,,
3.28,,,,,,
3.3,,,,,,
3.32,,,,,,
3.34,,,,,,
3.36,,,,,,
3.38,,,,,,
3.4,,,,,,
3.42,,,,,,
3.44,,,,,,
3.46,,,,,,
3.48,,,,,,
3.5,,,,,,
3.52,,,,,,
3.54,,,,,,
3.56,,,,,,
3.58,,,,,,
3.6,,,,,,
3.62,,,,,,
3.64,,,,,,
3.66,,,,,,
3.68,,,,,,
3.7,,,,,,
3.72,,,,,,
3.74,,,,,,
3.76,,,,,,
3.78,,,,,,
3.8,,,,,,
3.82,,,,,,
3.84,,,,,,
3.86,,,,,,
3.88,,,,,,
3.9,,,,,,
3.92,,,,,,
3.94,,,,,,
3.96,,,,,,
3.98,,,,,,
4,,,,,,
4.02,,,,,,
4.04,,,,,,
4.06,,,,,,
4.08,,,,,,
4.1,,,,,,
4.12,,,,,,
4.14,,,,,,
4.16,,,,,,
4.18,,,,,,
4.2,,,,,,
4.22,,,,,,
4.24,,,,,,
4.26,,,,,,
4.28,,,,,,
4.3,,,,,,
4.32,,,,,,
4.34,,,,,,
4.36,,,,,,
4.38,,,,,,
4.4,,,,,,
4.42,,,,,,
4.44,,,,,,
4.46,,,,,,
4.48,,,,,,
4.5,,,,,,
4.52,,,,,,
4.54,,,,,,
4.56,,,,,,
4.58,,,,,,
4.6,,,,,,
4.62,,,,,,
4.64,,,,,,
4.66,,,,,,
4.68,,,,,,
4.7,,,,,,
4.72,,,,,,
4.74,,,,,,
4.76,,,,,,
4.78,,,,,,
4.8,,,,,,
4.82,,,,,,
4.84,,,,,,
4.86,,,,,,
4.88,,,,,,
4.9,,,,,,
4.92,,,,,,
4.94,,,,,,
4.96,,,,,,
4.98,,,,,,
5,,,,,,
5.02,,,,,,
5.04,,,,,,
5.06,,,,,,
5.08,,,,,,
5.1,,,,,,
5.12,,,,,,
5.14,,,,,,
5.16,,,,,,
5.18,,,,,,
5.2,,,,,,
5.22,,,,,,
5.24,,,,,,
5.26,,,,,,
5.28,,,,,,
5.3,,,,,,
5.32,,,,,,
5.34,,,,,,
5.36,,,,,,
5.38,,,,,,
5.4,,,,,,
5.42,,,,,,
5.44,,,,,,
5.46,,,,,,
5.48,,,,,,
5.5,,,,,,
5.52,,,,,,
5.54,,,,,,
5.56,,,,,,
5.58,,,,,,
5.6,,,,,,
5.62,,,,,,
5.64,,,,,,
5.66,,,,,,
5.68,,,,,,
5.7,,,,,,
5.72,,,,,,
5.74,,,,,,
5.76,,,,,,
5.78,,,,,,
5.8,,,,,,
5.82,,,,,,
5.84,,,,,,
5.86,,,,,,
5.88,,,,,,
5.9,,,,,,
5.92,,,,,,
5.94,,,,,,
5.96,,,,,,
5.98,,,,,,
6,,,,,,
6.02,,,,,,
6.04,,,,,,
6.06,,,,,,
6.08,,,,,,
6.1,,,,,,
6.12,,,,,,
6.14,,,,,,
6.16,,,,,,
6.18,,,,,,
6.2,,,,,,
6.22,,,,,,
6.24,,,,,,
6.26,,,,,,
6.28,,,,,,
6.3,,,,,,
6.32,,,,,,
6.34,,,,,,
6.36,,,,,,
6.38,,,,,,
6.4,,,,,,
6.42,,,,,,
6.44,,,,,,
6.46,,,,,,
6.48,,,,,,
6.5,,,,,,
6.52,,,,,,
6.54,,,,,,
6.56,,,,,,
6.58,,,,,,
6.6,,,,,,
6.62,,,,,,
6.64,,,,,,
6.66,,,,,,
6.68,,,,,,
6.7,,,,,,
6.72,,,,,,
6.74,,,,,,
6.76,,,,,,
6.78,,,,,,
6.8,,,,,,
6.82,,,,,,
6.84,,,,,,
6.86,,,,,,
6.88,,,,,,
6.9,,,,,,
6.92,,,,,,
6.94,,,,,,
6.96,,,,,,
6.98,,,,,,
7,,,,,,
1,,,,,,
1.02,,,,,,
1.04,,,,,,
1.06,,,,,,
1.08,,,,,,
1.1,,,,,,
1.12,,,,,,
1.14,,,,,,
1.16,,,,,,
1.18,,,,,,
1.2,,,,,,
1.22,,,,,,
1.24,,,,,,
1.26,,,,,,
1.28,,,,,,
1.3,,,,,,
1.32,,,,,,
1.34,,,,,,
1.36,,,,,,
1.38,,,,,,
1.4,,,,,,
1.42,,,,,,
1.44,,,,,,
1.46,,,,,,
1.48,,,,,,
1.5,,,,,,
1.52,,,,,,
1.54,,,,,,
1.56,,,,,,
1.58,,,,,,
1.6,,,,,,
1.62,,,,,,
1.64,,,,,,
1.66,,,,,,
1.68,,,,,,
1.7,,,,,,
1.72,,,,,,
1.74,,,,,,
1.76,,,,,,
1.78,,,,,,
1.8,,,,,,
1.82,,,,,,
1.84,,,,,,
1.86,,,,,,
1.88,,,,,,
1.9,,,,,,
1.92,,,,,,
1.94,,,,,,
1.96,,,,,,
1.98,,,,,,
2,,,,,,
2.02,,,,,,
2.04,,,,,,
2.06,,,,,,
2.08,,,,,,
2.1,,,,,,
2.12,,,,,,
2.14,,,,,,
2.16,,,,,,
2.18,,,,,,
2.2,,,,,,
2.22,,,,,,
2.24,,,,,,
2.26,,,,,,
2.28,,,,,,
2.3,,,,,,
2.32,,,,,,
2.34,,,,,,
2.36,,,,,,
2.38,,,,,,
2.4,,,,,,
2.42,,,,,,
2.44,,,,,,
2.46,,,,,,
2.48,,,,,,
2.5,,,,,,
2.52,,,,,,
2.54,,,,,,
2.56,,,,,,
2.58,,,,,,
2.6,,,,,,
2.62,,,,,,
2.64,,,,,,
2.66,,,,,,
2.68,,,,,,
2.7,,,,,,
2.72,,,,,,
2.74,,,,,,
2.76,,,,,,
2.78,,,,,,
2.8,,,,,,
2.82,,,,,,
2.84,,,,,,
2.86,,,,,,
2.88,,,,,,
2.9,,,,,,
2.92,,,,,,
2.94,,,,,,
2.96,,,,,,
2.98,,,,,,
3,,,,,,
3.02,,,,,,
3.04,,,,,,
3.06,,,,,,
3.08,,,,,,
3.1,,,,,,
3.12,,,,,,
3.14,,,,,,
3.16,,,,,,
3.18,,,,,,
3.2,,,,,,
3.22,,,,,,
3.24,,,,,,
3.26,,,,,,
3.28,,,,,,
3.3,,,,,,
3.32,,,,,,
3.34,,,,,,
3.36,,,,,,
3.38,,,,,,
3.4,,,,,,
3.42,,,,,,
3.44,,,,,,
3.46,,,,,,
3.48,,,,,,
3.5,,,,,,
3.52,,,,,,
3.54,,,,,,
3.56,,,,,,
3.58,,,,,,
3.6,,,,,,
3.62,,,,,,
3.64,,,,,,
3.66,,,,,,
3.68,,,,,,
3.7,,,,,,
3.72,,,,,,
3.74,,,,,,
3.76,,,,,,
3.78,,,,,,
3.8,,,,,,
3.82,,,,,,
3.84,,,,,,
3.86,,,,,,
3.88,,,,,,
3.9,,,,,,
3.92,,,,,,
3.94,,,,,,
3.96,,,,,,
3.98,,,,,,
4,,,,,,
4.02,,,,,,
4.04,,,,,,
4.06,,,,,,
4.08,,,,,,
4.1,,,,,,
4.12,,,,,,
4.14,,,,,,
4.16,,,,,,
4.18,,,,,,
4.2,,,,,,
4.22,,,,,,
4.24,,,,,,
4.26,,,,,,
4.28,,,,,,
4.3,,,,,,
4.32,,,,,,
4.34,,,,,,
4.36,,,,,,
4.38,,,,,,
4.4,,,,,,
4.42,,,,,,
4.44,,,,,,
4.46,,,,,,
4.48,,,,,,
4.5,,,,,,
4.52,,,,,,
4.54,,,,,,
4.56,,,,,,
4.58,,,,,,
4.6,,,,,,
4.62,,,,,,
4.64,,,,,,
4.66,,,,,,
4.68,,,,,,
4.7,,,,,,
4.72,,,,,,
4.74,,,,,,
4.76,,,,,,
4.78,,,,,,
4.8,,,,,,
4.82,,,,,,
4.84,,,,,,
4.86,,,,,,
4.88,,,,,,
4.9,,,,,,
4.92,,,,,,
4.94,,,,,,
4.96,,,,,,
4.98,,,,,,
5,,,,,,
5.02,,,,,,
5.04,,,,,,
5.06,,,,,,
5.08,,,,,,
5.1,,,,,,
5.12,,,,,,
5.14,,,,,,
5.16,,,,,,
5.18,,,,,,
5.2,,,,,,
5.22,,,,,,
5.24,,,,,,
5.26,,,,,,
5.28,,,,,,
5.3,,,,,,
5.32,,,,,,
5.34,,,,,,
5.36,,,,,,
5.38,,,,,,
5.4,,,,,,
5.42,,,,,,
5.44,,,,,,
5.46,,,,,,
5.48,,,,,,
5.5,,,,,,
5.52,,,,,,
5.54,,,,,,
5.56,,,,,,
5.58,,,,,,
5.6,,,,,,
5.62,,,,,,
5.64,,,,,,
5.66,,,,,,
5.68,,,,,,
5.7,,,,,,
5.72,,,,,,
5.74,,,,,,
5.76,,,,,,
5.78,,,,,,
5.8,,,,,,
5.82,,,,,,
5.84,,,,,,
5.86,,,,,,
5.88,,,,,,
5.9,,,,,,
5.92,,,,,,
5.94,,,,,,
5.96,,,,,,
5.98,,,,,,
6,,,,,,
6.02,,,,,,
6.04,,,,,,
6.06,,,,,,
6.08,,,,,,
6.1,,,,,,
6.12,,,,,,
6.14,,,,,,
6.16,,,,,,
6.18,,,,,,
6.2,,,,,,
6.22,,,,,,
6.24,,,,,,
6.26,,,,,,
6.28,,,,,,
6.3,,,,,,
6.32,,,,,,
6.34,,,,,,
6.36,,,,,,
6.38,,,,,,
6.4,,,,,,
6.42,,,,,,
6.44,,,,,,
6.46,,,,,,
6.48,,,,,,
6.5,,,,,,
6.52,,,,,,
6.54,,,,,,
6.56,,,,,,
6.58,,,,,,
6.6,,,,,,
6.62,,,,,,
6.64,,,,,,
6.66,,,,,,
6.68,,,,,,
6.7,,,,,,
6.72,,,,,,
6.74,,,,,,
6.76,,,,,,
6.78,,,,,,
6.8,,,,,,
6.82,,,,,,
6.84,,,,,,
6.86,,,,,,
6.88,,,,,,
6.9,,,,,,
6.92,,,,,,
6.94,,,,,,
6.96,,,,,,
6.98,,,,,,
7,,,,,,
1,,,,,,
1.02,,,,,,
1.04,,,,,,
1.06,,,,,,
1.08,,,,,,
1.1,,,,,,
1.12,,,,,,
1.14,,,,,,
1.16,,,,,,
1.18,,,,,,
1.2,,,,,,
1.22,,,,,,
1.24,,,,,,
1.26,,,,,,
1.28,,,,,,
1.3,,,,,,
1.32,,,,,,
1.34,,,,,,
1.36,,,,,,
1.38,,,,,,
1.4,,,,,,
1.42,,,,,,
1.44,,,,,,
1.46,,,,,,
1.48,,,,,,
1.5,,,,,,
1.52,,,,,,
1.54,,,,,,
1.56,,,,,,
1.58,,,,,,
1.6,,,,,,
1.62,,,,,,
1.64,,,,,,
1.66,,,,,,
1.68,,,,,,
1.7,,,,,,
1.72,,,,,,
1.74,,,,,,
1.76,,,,,,
1.78,,,,,,
1.8,,,,,,
1.82,,,,,,
1.84,,,,,,
1.86,,,,,,
1.88,,,,,,
1.9,,,,,,
1.92,,,,,,
1.94,,,,,,
1.96,,,,,,
1.98,,,,,,
2,,,,,,
2.02,,,,,,
2.04,,,,,,
2.06,,,,,,
2.08,,,,,,
2.1,,,,,,
2.12,,,,,,
2.14,,,,,,
2.16,,,,,,
2.18,,,,,,
2.2,,,,,,
2.22,,,,,,
2.24,,,,,,
2.26,,,,,,
2.28,,,,,,
2.3,,,,,,
2.32,,,,,,
2.34,,,,,,
2.36,,,,,,
2.38,,,,,,
2.4,,,,,,
2.42,,,,,,
2.44,,,,,,
2.46,,,,,,
2.48,,,,,,
2.5,,,,,,
2.52,,,,,,
2.54,,,,,,
2.56,,,,,,
2.58,,,,,,
2.6,,,,,,
2.62,,,,,,
2.64,,,,,,
2.66,,,,,,
2.68,,,,,,
2.7,,,,,,
2.72,,,,,,
2.74,,,,,,
2.76,,,,,,
2.78,,,,,,
2.8,,,,,,
2.82,,,,,,
2.84,,,,,,
2.86,,,,,,
2.88,,,,,,
2.9,,,,,,
2.92,,,,,,
2.94,,,,,,
2.96,,,,,,
2.98,,,,,,
3,,,,,,
3.02,,,,,,
3.04,,,,,,
3.06,,,,,,
3.08,,,,,,
3.1,,,,,,
3.12,,,,,,
3.14,,,,,,
3.16,,,,,,
3.18,,,,,,
3.2,,,,,,
3.22,,,,,,
3.24,,,,,,
3.26,,,,,,
3.28,,,,,,
3.3,,,,,,
3.32,,,,,,
3.34,,,,,,
3.36,,,,,,
3.38,,,,,,
3.4,,,,,,
3.42,,,,,,
3.44,,,,,,
3.46,,,,,,
3.48,,,,,,
3.5,,,,,,
3.52,,,,,,
3.54,,,,,,
3.56,,,,,,
3.58,,,,,,
3.6,,,,,,
3.62,,,,,,
3.64,,,,,,
3.66,,,,,,
3.68,,,,,,
3.7,,,,,,
3.72,,,,,,
3.74,,,,,,
3.76,,,,,,
3.78,,,,,,
3.8,,,,,,
3.82,,,,,,
3.84,,,,,,
3.86,,,,,,
3.88,,,,,,
3.9,,,,,,
3.92,,,,,,
3.94,,,,,,
3.96,,,,,,
3.98,,,,,,
4,,,,,,
4.02,,,,,,
4.04,,,,,,
4.06,,,,,,
4.08,,,,,,
4.1,,,,,,
4.12,,,,,,
4.14,,,,,,
4.16,,,,,,
4.18,,,,,,
4.2,,,,,,
4.22,,,,,,
4.24,,,,,,
4.26,,,,,,
4.28,,,,,,
4.3,,,,,,
4.32,,,,,,
4.34,,,,,,
4.36,,,,,,
4.38,,,,,,
4.4,,,,,,
4.42,,,,,,
4.44,,,,,,
4.46,,,,,,
4.48,,,,,,
4.5,,,,,,
4.52,,,,,,
4.54,,,,,,
4.56,,,,,,
4.58,,,,,,
4.6,,,,,,
4.62,,,,,,
4.64,,,,,,
4.66,,,,,,
4.68,,,,,,
4.7,,,,,,
4.72,,,,,,
4.74,,,,,,
4.76,,,,,,
4.78,,,,,,
4.8,,,,,,
4.82,,,,,,
4.84,,,,,,
4.86,,,,,,
4.88,,,,,,
4.9,,,,,,
4.92,,,,,,
4.94,,,,,,
4.96,,,,,,
4.98,,,,,,
5,,,,,,
5.02,,,,,,
5.04,,,,,,
5.06,,,,,,
5.08,,,,,,
5.1,,,,,,
5.12,,,,,,
5.14,,,,,,
5.16,,,,,,
5.18,,,,,,
5.2,,,,,,
5.22,,,,,,
5.24,,,,,,
5.26,,,,,,
5.28,,,,,,
5.3,,,,,,
5.32,,,,,,
5.34,,,,,,
5.36,,,,,,
5.38,,,,,,
5.4,,,,,,
5.42,,,,,,
5.44,,,,,,
5.46,,,,,,
5.48,,,,,,
5.5,,,,,,
5.52,,,,,,
5.54,,,,,,
5.56,,,,,,
5.58,,,,,,
5.6,,,,,,
5.62,,,,,,
5.64,,,,,,
5.66,,,,,,
5.68,,,,,,
5.7,,,,,,
5.72,,,,,,
5.74,,,,,,
5.76,,,,,,
5.78,,,,,,
5.8,,,,,,
5.82,,,,,,
5.84,,,,,,
5.86,,,,,,
5.88,,,,,,
5.9,,,,,,
5.92,,,,,,
5.94,,,,,,
5.96,,,,,,
5.98,,,,,,
6,,,,,,
6.02,,,,,,
6.04,,,,,,
6.06,,,,,,
6.08,,,,,,
6.1,,,,,,
6.12,,,,,,
6.14,,,,,,
6.16,,,,,,
6.18,,,,,,
6.2,,,,,,
6.22,,,,,,
6.24,,,,,,
6.26,,,,,,
6.28,,,,,,
6.3,,,,,,
6.32,,,,,,
6.34,,,,,,
6.36,,,,,,
6.38,,,,,,
6.4,,,,,,
6.42,,,,,,
6.44,,,,,,
6.46,,,,,,
6.48,,,,,,
6.5,,,,,,
6.52,,,,,,
6.54,,,,,,
6.56,,,,,,
6.58,,,,,,
6.6,,,,,,
6.62,,,,,,
6.64,,,,,,
6.66,,,,,,
6.68,,,,,,
6.7,,,,,,
6.72,,,,,,
6.74,,,,,,
6.76,,,,,,
6.78,,,,,,
6.8,,,,,,
6.82,,,,,,
6.84,,,,,,
6.86,,,,,,
6.88,,,,,,
6.9,,,,,,
6.92,,,,,,
6.94,,,,,,
6.96,,,,,,
6.98,,,,,,
7,,,,,,
1,,,,,,
1.02,,,,,,
1.04,,,,,,
1.06,,,,,,
1.08,,,,,,
1.1,,,,,,
1.12,,,,,,
1.14,,,,,,
1.16,,,,,,
1.18,,,,,,
1.2,,,,,,
1.22,,,,,,
1.24,,,,,,
1.26,,,,,,
1.28,,,,,,
1.3,,,,,,
1.32,,,,,,
1.34,,,,,,
1.36,,,,,,
1.38,,,,,,
1.4,,,,,,
1.42,,,,,,
1.44,,,,,,
1.46,,,,,,
1.48,,,,,,
1.5,,,,,,
1.52,,,,,,
1.54,,,,,,
1.56,,,,,,
1.58,,,,,,
1.6,,,,,,
1.62,,,,,,
1.64,,,,,,
1.66,,,,,,
1.68,,,,,,
1.7,,,,,,
1.72,,,,,,
1.74,,,,,,
1.76,,,,,,
1.78,,,,,,
1.8,,,,,,
1.82,,,,,,
1.84,,,,,,
1.86,,,,,,
1.88,,,,,,
1.9,,,,,,
1.92,,,,,,
1.94,,,,,,
1.96,,,,,,
1.98,,,,,,
2,,,,,,
2.02,,,,,,
2.04,,,,,,
2.06,,,,,,
2.08,,,,,,
2.1,,,,,,
2.12,,,,,,
2.14,,,,,,
2.16,,,,,,
2.18,,,,,,
2.2,,,,,,
2.22,,,,,,
2.24,,,,,,
2.26,,,,,,
2.28,,,,,,
2.3,,,,,,
2.32,,,,,,
2.34,,,,,,
2.36,,,,,,
2.38,,,,,,
2.4,,,,,,
2.42,,,,,,
2.44,,,,,,
2.46,,,,,,
2.48,,,,,,
2.5,,,,,,
2.52,,,,,,
2.54,,,,,,
2.56,,,,,,
2.58,,,,,,
2.6,,,,,,
2.62,,,,,,
2.64,,,,,,
2.66,,,,,,
2.68,,,,,,
2.7,,,,,,
2.72,,,,,,
2.74,,,,,,
2.76,,,,,,
2.78,,,,,,
2.8,,,,,,
2.82,,,,,,
2.84,,,,,,
2.86,,,,,,
2.88,,,,,,
2.9,,,,,,
2.92,,,,,,
2.94,,,,,,
2.96,,,,,,
2.98,,,,,,
3,,,,,,
3.02,,,,,,
3.04,,,,,,
3.06,,,,,,
3.08,,,,,,
3.1,,,,,,
3.12,,,,,,
3.14,,,,,,
3.16,,,,,,
3.18,,,,,,
3.2,,,,,,
3.22,,,,,,
3.24,,,,,,
3.26,,,,,,
3.28,,,,,,
3.3,,,,,,
3.32,,,,,,
3.34,,,,,,
3.36,,,,,,
3.38,,,,,,
3.4,,,,,,
3.42,,,,,,
3.44,,,,,,
3.46,,,,,,
3.48,,,,,,
3.5,,,,,,
3.52,,,,,,
3.54,,,,,,
3.56,,,,,,
3.58,,,,,,
3.6,,,,,,
3.62,,,,,,
3.64,,,,,,
3.66,,,,,,
3.68,,,,,,
3.7,,,,,,
3.72,,,,,,
3.74,,,,,,
3.76,,,,,,
3.78,,,,,,
3.8,,,,,,
3.82,,,,,,
3.84,,,,,,
3.86,,,,,,
3.88,,,,,,
3.9,,,,,,
3.92,,,,,,
3.94,,,,,,
3.96,,,,,,
3.98,,,,,,
4,,,,,,
4.02,,,,,,
4.04,,,,,,
4.06,,,,,,
4.08,,,,,,
4.1,,,,,,
4.12,,,,,,
4.14,,,,,,
4.16,,,,,,
4.18,,,,,,
4.2,,,,,,
4.22,,,,,,
4.24,,,,,,
4.26,,,,,,
4.28,,,,,,
4.3,,,,,,
4.32,,,,,,
4.34,,,,,,
4.36,,,,,,
4.38,,,,,,
4.4,,,,,,
4.42,,,,,,
4.44,,,,,,
4.46,,,,,,
4.48,,,,,,
4.5,,,,,,
4.52,,,,,,
4.54,,,,,,
4.56,,,,,,
4.58,,,,,,
4.6,,,,,,
4.62,,,,,,
4.64,,,,,,
4.66,,,,,,
4.68,,,,,,
4.7,,,,,,
4.72,,,,,,
4.74,,,,,,
4.76,,,,,,
4.78,,,,,,
4.8,,,,,,
4.82,,,,,,
4.84,,,,,,
4.86,,,,,,
4.88,,,,,,
4.9,,,,,,
4.92,,,,,,
4.94,,,,,,
4.96,,,,,,
4.98,,,,,,
5,,,,,,
5.02,,,,,,
5.04,,,,,,
5.06,,,,,,
5.08,,,,,,
5.1,,,,,,
5.12,,,,,,
5.14,,,,,,
5.16,,,,,,
5.18,,,,,,
5.2,,,,,,
5.22,,,,,,
5.24,,,,,,
5.26,,,,,,
5.28,,,,,,
5.3,,,,,,
5.32,,,,,,
5.34,,,,,,
5.36,,,,,,
5.38,,,,,,
5.4,,,,,,
5.42,,,,,,
5.44,,,,,,
5.46,,,,,,
5.48,,,,,,
5.5,,,,,,
5.52,,,,,,
5.54,,,,,,
5.56,,,,,,
5.58,,,,,,
5.6,,,,,,
5.62,,,,,,
5.64,,,,,,
5.66,,,,,,
5.68,,,,,,
5.7,,,,,,
5.72,,,,,,
5.74,,,,,,
5.76,,,,,,
5.78,,,,,,
5.8,,,,,,
5.82,,,,,,
5.84,,,,,,
5.86,,,,,,
5.88,,,,,,
5.9,,,,,,
5.92,,,,,,
5.94,,,,,,
5.96,,,,,,
5.98,,,,,,
6,,,,,,
6.02,,,,,,
6.04,,,,,,
6.06,,,,,,
6.08,,,,,,
6.1,,,,,,
6.12,,,,,,
6.14,,,,,,
6.16,,,,,,
6.18,,,,,,
6.2,,,,,,
6.22,,,,,,
6.24,,,,,,
6.26,,,,,,
6.28,,,,,,
6.3,,,,,,
6.32,,,,,,
6.34,,,,,,
6.36,,,,,,
6.38,,,,,,
6.4,,,,,,
6.42,,,,,,
6.44,,,,,,
6.46,,,,,,
6.48,,,,,,
6.5,,,,,,
6.52,,,,,,
6.54,,,,,,
6.56,,,,,,
6.58,,,,,,
6.6,,,,,,
6.62,,,,,,
6.64,,,,,,
6.66,,,,,,
6.68,,,,,,
6.7,,,,,,
6.72,,,,,,
6.74,,,,,,
6.76,,,,,,
6.78,,,,,,
6.8,,,,,,
6.82,,,,,,
6.84,,,,,,
6.86,,,,,,
6.88,,,,,,
6.9,,,,,,
6.92,,,,,,
6.94,,,,,,
6.96,,,,,,
6.98,,,,,,
7,,,,,,
1,,,,,,
1.02,,,,,,
1.04,,,,,,
1.06,,,,,,
1.08,,,,,,
1.1,,,,,,
1.12,,,,,,
1.14,,,,,,
1.16,,,,,,
1.18,,,,,,
1.2,,,,,,
1.22,,,,,,
1.24,,,,,,
1.26,,,,,,
1.28,,,,,,
1.3,,,,,,
1.32,,,,,,
1.34,,,,,,
1.36,,,,,,
1.38,,,,,,
1.4,,,,,,
1.42,,,,,,
1.44,,,,,,
1.46,,,,,,
1.48,,,,,,
1.5,,,,,,
1.52,,,,,,
1.54,,,,,,
1.56,,,,,,
1.58,,,,,,
1.6,,,,,,
1.62,,,,,,
1.64,,,,,,
1.66,,,,,,
1.68,,,,,,
1.7,,,,,,
1.72,,,,,,
1.74,,,,,,
1.76,,,,,,
1.78,,,,,,
1.8,,,,,,
1.82,,,,,,
1.84,,,,,,
1.86,,,,,,
1.88,,,,,,
1.9,,,,,,
1.92,,,,,,
1.94,,,,,,
1.96,,,,,,
1.98,,,,,,
2,,,,,,
2.02,,,,,,
2.04,,,,,,
2.06,,,,,,
2.08,,,,,,
2.1,,,,,,
2.12,,,,,,
2.14,,,,,,
2.16,,,,,,
2.18,,,,,,
2.2,,,,,,
2.22,,,,,,
2.24,,,,,,
2.26,,,,,,
2.28,,,,,,
2.3,,,,,,
2.32,,,,,,
2.34,,,,,,
2.36,,,,,,
2.38,,,,,,
2.4,,,,,,
2.42,,,,,,
2.44,,,,,,
2.46,,,,,,
2.48,,,,,,
2.5,,,,,,
2.52,,,,,,
2.54,,,,,,
2.56,,,,,,
2.58,,,,,,
2.6,,,,,,
2.62,,,,,,
2.64,,,,,,
2.66,,,,,,
2.68,,,,,,
2.7,,,,,,
2.72,,,,,,
2.74,,,,,,
2.76,,,,,,
2.78,,,,,,
2.8,,,,,,
2.82,,,,,,
2.84,,,,,,
2.86,,,,,,
2.88,,,,,,
2.9,,,,,,
2.92,,,,,,
2.94,,,,,,
2.96,,,,,,
2.98,,,,,,
3,,,,,,
3.02,,,,,,
3.04,,,,,,
3.06,,,,,,
3.08,,,,,,
3.1,,,,,,
3.12,,,,,,
3.14,,,,,,
3.16,,,,,,
3.18,,,,,,
3.2,,,,,,
3.22,,,,,,
3.24,,,,,,
3.26,,,,,,
3.28,,,,,,
3.3,,,,,,
3.32,,,,,,
3.34,,,,,,
3.36,,,,,,
3.38,,,,,,
3.4,,,,,,
3.42,,,,,,
3.44,,,,,,
3.46,,,,,,
3.48,,,,,,
3.5,,,,,,
3.52,,,,,,
3.54,,,,,,
3.56,,,,,,
3.58,,,,,,
3.6,,,,,,
3.62,,,,,,
3.64,,,,,,
3.66,,,,,,
3.68,,,,,,
3.7,,,,,,
3.72,,,,,,
3.74,,,,,,
3.76,,,,,,
3.78,,,,,,
3.8,,,,,,
3.82,,,,,,
3.84,,,,,,
3.86,,,,,,
3.88,,,,,,
3.9,,,,,,
3.92,,,,,,
3.94,,,,,,
3.96,,,,,,
3.98,,,,,,
4,,,,,,
4.02,,,,,,
4.04,,,,,,
4.06,,,,,,
4.08,,,,,,
4.1,,,,,,
4.12,,,,,,
4.14,,,,,,
4.16,,,,,,
4.18,,,,,,
4.2,,,,,,
4.22,,,,,,
4.24,,,,,,
4.26,,,,,,
4.28,,,,,,
4.3,,,,,,
4.32,,,,,,
4.34,,,,,,
4.36,,,,,,
4.38,,,,,,
4.4,,,,,,
4.42,,,,,,
4.44,,,,,,
4.46,,,,,,
4.48,,,,,,
4.5,,,,,,
4.52,,,,,,
4.54,,,,,,
4.56,,,,,,
4.58,,,,,,
4.6,,,,,,
4.62,,,,,,
4.64,,,,,,
4.66,,,,,,
4.68,,,,,,
4.7,,,,,,
4.72,,,,,,
4.74,,,,,,
4.76,,,,,,
4.78,,,,,,
4.8,,,,,,
4.82,,,,,,
4.84,,,,,,
4.86,,,,,,
4.88,,,,,,
4.9,,,,,,
4.92,,,,,,
4.94,,,,,,
4.96,,,,,,
4.98,,,,,,
5,,,,,,
5.02,,,,,,
5.04,,,,,,
5.06,,,,,,
5.08,,,,,,
5.1,,,,,,
5.12,,,,,,
5.14,,,,,,
5.16,,,,,,
5.18,,,,,,
5.2,,,,,,
5.22,,,,,,
5.24,,,,,,
5.26,,,,,,
5.28,,,,,,
5.3,,,,,,
5.32,,,,,,
5.34,,,,,,
5.36,,,,,,
5.38,,,,,,
5.4,,,,,,
5.42,,,,,,
5.44,,,,,,
5.46,,,,,,
5.48,,,,,,
5.5,,,,,,
5.52,,,,,,
5.54,,,,,,
5.56,,,,,,
5.58,,,,,,
5.6,,,,,,
5.62,,,,,,
5.64,,,,,,
5.66,,,,,,
5.68,,,,,,
5.7,,,,,,
5.72,,,,,,
5.74,,,,,,
5.76,,,,,,
5.78,,,,,,
5.8,,,,,,
5.82,,,,,,
5.84,,,,,,
5.86,,,,,,
5.88,,,,,,
5.9,,,,,,
5.92,,,,,,
5.94,,,,,,
5.96,,,,,,
5.98,,,,,,
6,,,,,,
6.02,,,,,,
6.04,,,,,,
6.06,,,,,,
6.08,,,,,,
6.1,,,,,,
6.12,,,,,,
6.14,,,,,,
6.16,,,,,,
6.18,,,,,,
6.2,,,,,,
6.22,,,,,,
6.24,,,,,,
6.26,,,,,,
6.28,,,,,,
6.3,,,,,,
6.32,,,,,,
6.34,,,,,,
6.36,,,,,,
6.38,,,,,,
6.4,,,,,,
6.42,,,,,,
6.44,,,,,,
6.46,,,,,,
6.48,,,,,,
6.5,,,,,,
6.52,,,,,,
6.54,,,,,,
6.56,,,,,,
6.58,,,,,,
6.6,,,,,,
6.62,,,,,,
6.64,,,,,,
6.66,,,,,,
6.68,,,,,,
6.7,,,,,,
6.72,,,,,,
6.74,,,,,,
6.76,,,,,,
6.78,,,,,,
6.8,,,,,,
6.82,,,,,,
6.84,,,,,,
6.86,,,,,,
6.88,,,,,,
6.9,,,,,,
6.92,,,,,,
6.94,,,,,,
6.96,,,,,,
6.98,,,,,,
7,,,,,,
