Freq_Thz,S11-db,VSWR,W1
1,-1.094075574,15.89903105,4
1.02,-1.143258071,15.21690702,4
1.04,-1.198069712,14.52278826,4
1.06,-1.259427731,13.81754881,4
1.08,-1.32860591,13.10067707,4
1.1,-1.407392526,12.37023037,4
1.12,-1.498470203,11.62174819,4
1.14,-1.606408902,10.84485225,4
1.16,-1.74072293,10.0130139,4
1.18,-1.9273753,9.050131928,4
1.2,-2.253157647,7.753156278,4
1.22,-2.675188698,6.544916131,4
1.24,-2.553206533,6.852827846,4
1.26,-2.619097303,6.682915149,4
1.28,-2.836263631,6.179208074,4
1.3,-3.136374534,5.598859966,4
1.32,-3.512166437,5.013381247,4
1.34,-3.974344918,4.446975054,4
1.36,-4.542850243,3.910756699,4
1.38,-5.246383684,3.411253019,4
1.4,-6.124649876,2.952929583,4
1.42,-7.233244344,2.538872876,4
1.44,-8.651306619,2.171316479,4
1.46,-10.49575667,1.851782088,4
1.48,-12.93274478,1.582685629,4
1.5,-16.09133307,1.372005172,4
1.52,-19.04543984,1.251279738,4
1.54,-18.18420542,1.28115405,4
1.56,-14.9650083,1.434706581,4
1.58,-12.2011633,1.650544352,4
1.6,-10.12430367,1.905855214,4
1.62,-8.557219291,2.191674426,4
1.64,-7.353435008,2.501845338,4
1.66,-6.413869153,2.830437648,4
1.68,-5.671307798,3.171156142,4
1.7,-5.078634552,3.517460124,4
1.72,-4.60199179,3.862732846,4
1.74,-4.216322334,4.200713719,4
1.76,-3.903019178,4.525497877,4
1.78,-3.648227551,4.831501865,4
1.8,-3.441583316,5.11347826,4
1.82,-3.275140759,5.366827785,4
1.84,-3.142814377,5.587633331,4
1.86,-3.039876272,5.772844716,4
1.88,-2.962770101,5.920097471,4
1.9,-2.908854545,6.027746009,4
1.92,-2.876261818,6.094796934,4
1.94,-2.863813445,6.12081266,4
1.96,-2.87090643,6.105961201,4
1.98,-2.897738109,6.050444084,4
2,-2.945061055,5.955016774,4
2.02,-3.014222737,5.820991717,4
2.04,-3.1072958,5.650138933,4
2.06,-3.22724845,5.444628444,4
2.08,-3.378084104,5.207151169,4
2.1,-3.565274681,4.940713841,4
2.12,-3.795683689,4.649321041,4
2.14,-4.078367572,4.337463803,4
2.16,-4.424846554,4.010501862,4
2.18,-4.849568092,3.674703783,4
2.2,-5.370329385,3.337166182,4
2.22,-6.008169363,3.005736794,4
2.24,-6.786176579,2.688786086,4
2.26,-7.725693841,2.394895747,4
2.28,-8.836772506,2.132558177,4
2.3,-10.09698626,1.910006962,4
2.32,-11.41150542,1.735219259,4
2.34,-12.56721252,1.615437064,4
2.36,-13.27001604,1.554342747,4
2.38,-13.36581902,1.54660025,4
2.4,-13.00732075,1.57626885,4
2.42,-12.48164748,1.623428888,4
2.44,-11.99578776,1.671334332,4
2.46,-11.64340756,1.708983176,4
2.48,-11.45007967,1.730770987,4
2.5,-11.41070087,1.735312402,4
2.52,-11.51068221,1.723851131,4
2.54,-11.73899724,1.698513346,4
2.56,-12.09910443,1.660773637,4
2.58,-12.61973995,1.610593643,4
2.6,-13.36455534,1.546701519,4
2.62,-14.43730624,1.468311276,4
2.64,-15.93016544,1.380296977,4
2.66,-17.5024317,1.307643,4
2.68,-17.40375815,1.31170561,4
2.7,-15.42533988,1.407693973,4
2.72,-13.94900688,1.502192719,4
2.74,-13.44247593,1.540499532,4
2.76,-13.36332012,1.546800528,4
2.78,-13.21350024,1.558972771,4
2.8,-12.74800228,1.598962978,4
2.82,-11.97284802,1.67370773,4
2.84,-11.02739742,1.781450477,4
2.86,-10.05106564,1.917042535,4
2.88,-9.131071267,2.074555205,4
2.9,-8.308079985,2.247988034,4
2.92,-7.594734046,2.431250904,4
2.94,-6.989573424,2.618076659,4
2.96,-6.484944301,2.802079754,4
2.98,-6.071082271,2.976953004,4
3,-5.738036896,3.136787838,4
3.02,-5.476586908,3.276404466,4
3.04,-5.278513221,3.391703639,4
3.06,-5.136666777,3.47991039,4
3.08,-5.044843556,3.539733945,4
3.1,-4.997652072,3.57135914,4
3.12,-4.990309561,3.576334958,4
3.14,-5.018480693,3.557325563,4
3.16,-5.078135481,3.517786876,4
3.18,-5.165458433,3.461602865,4
3.2,-5.276793002,3.3927441,4
3.22,-5.408811393,3.314876202,4
3.24,-5.558572682,3.231161075,4
3.26,-5.723779729,3.144061163,4
3.28,-5.903024291,3.055266903,4
3.3,-6.095849203,2.965791182,4
3.32,-6.302599525,2.876175462,4
3.34,-6.52394621,2.786793099,4
3.36,-6.759923183,2.698239035,4
3.38,-7.008657576,2.611663708,4
3.4,-7.265216847,2.528896452,4
3.42,-7.521277006,2.4522327,4
3.44,-7.766597513,2.383808001,4
3.46,-7.992470195,2.324757894,4
3.48,-8.196439767,2.274419123,4
3.5,-8.38620752,2.2299407,4
3.52,-8.581179811,2.186444241,4
3.54,-8.81173112,2.137688096,4
3.56,-9.118212125,2.077004528,4
3.58,-9.551397735,1.998452079,4
3.6,-10.17695709,1.897922675,4
3.62,-11.0849944,1.774286256,4
3.64,-12.40974172,1.630244444,4
3.66,-14.3730787,1.472608358,4
3.68,-17.41267874,1.311335839,4
3.7,-22.75177927,1.157141022,4
3.72,-39.60052808,1.021162887,4
3.74,-25.32922836,1.114483496,4
3.76,-18.98498716,1.253256943,4
3.78,-15.62553073,1.396563134,4
3.8,-13.42669977,1.541748294,4
3.82,-11.8384666,1.687824366,4
3.84,-10.61820388,1.834881167,4
3.86,-9.639749248,1.983379122,4
3.88,-8.832146322,2.13350351,4
3.9,-8.153958835,2.284680784,4
3.92,-7.580239034,2.435356955,4
3.94,-7.095168188,2.583048871,4
3.96,-6.687863992,2.724585635,4
3.98,-6.349855093,2.856546387,4
4,-6.073907218,2.975675087,4
4.02,-5.853436599,3.079267402,4
4.04,-5.682424303,3.165372638,4
4.06,-5.55550585,3.232828645,4
4.08,-5.468180942,3.281122495,4
4.1,-5.416990439,3.310180753,4
4.12,-5.399675338,3.320138413,4
4.14,-5.415250447,3.311178427,4
4.16,-5.464052516,3.283445153,4
4.18,-5.547795873,3.237029313,4
4.2,-5.669646121,3.172022668,4
4.22,-5.834414258,3.088586607,4
4.24,-6.048690037,2.987126481,4
4.26,-6.3208976,2.86853844,4
4.28,-6.660866805,2.73461052,4
4.3,-7.078650805,2.588455316,4
4.32,-7.582436,2.43473354,4
4.34,-8.176427797,2.279238948,4
4.36,-8.86046443,2.127733657,4
4.38,-9.632900972,1.984536583,4
4.4,-10.4956336,1.851799298,4
4.42,-11.45794004,1.72986874,4
4.44,-12.53593749,1.6183434,4
4.46,-13.74504079,1.517210743,4
4.48,-15.07993568,1.427770517,4
4.5,-16.4689448,1.353382731,4
4.52,-17.69432262,1.299912989,4
4.54,-18.37024599,1.274378762,4
4.56,-18.22457831,1.279667935,4
4.58,-17.45208003,1.309708538,4
4.6,-16.48146148,1.352784099,4
4.62,-15.60766679,1.397541853,4
4.64,-14.95304447,1.435436203,4
4.66,-14.54555221,1.461173861,4
4.68,-14.36772349,1.472968759,4
4.7,-14.37255332,1.472643701,4
4.72,-14.4868831,1.46502615,4
4.74,-14.62272786,1.456163949,4
4.76,-14.70549929,1.450862331,4
4.78,-14.70500079,1.450894042,4
4.8,-14.64095436,1.454990203,4
4.82,-14.5600492,1.460227817,4
4.84,-14.50927213,1.463551563,4
4.86,-14.52335627,1.4626268,4
4.88,-14.62455399,1.456046188,4
4.9,-14.827126,1.4432037,4
4.92,-15.14168979,1.42409736,4
4.94,-15.57784141,1.399182192,4
4.96,-16.14448578,1.369316579,4
4.98,-16.84578893,1.335859169,4
5,-17.66875697,1.300930058,4
5.02,-18.55198465,1.267936345,4
5.04,-19.32605863,1.242323377,4
5.06,-19.66958218,1.231837367,4
5.08,-19.26206168,1.244334316,4
5.1,-18.12753014,1.283255242,4
5.12,-16.61762069,1.34634679,4
5.14,-15.06527997,1.428647729,4
5.16,-13.64870155,1.524492081,4
5.18,-12.43890552,1.627469096,4
5.2,-11.45630924,1.730055814,4
5.22,-10.69943298,1.823908468,4
5.24,-10.15639277,1.901009929,4
5.26,-9.809519477,1.955253919,4
5.28,-9.63777628,1.983712398,4
5.3,-9.618694056,1.986943547,4
5.32,-9.729844854,1.968318589,4
5.34,-9.949406899,1.932874225,4
5.36,-10.25517332,1.88630605,4
5.38,-10.62193606,1.834372884,4
5.4,-11.01829165,1.782590861,4
5.42,-11.40658431,1.735789215,4
5.44,-11.75124574,1.697185897,4
5.46,-12.03546913,1.667253452,4
5.48,-12.27305764,1.643456684,4
5.5,-12.49943776,1.621756746,4
5.52,-12.74682777,1.599068236,4
5.54,-13.02371034,1.574870247,4
5.56,-13.30836173,1.551227865,4
5.58,-13.55258591,1.531880252,4
5.6,-13.69183316,1.521216995,4
5.62,-13.6630712,1.523398207,4
5.64,-13.42813773,1.541634328,4
5.66,-12.99033955,1.577722333,4
5.68,-12.3911743,1.632019327,4
5.7,-11.69093463,1.703753052,4
5.72,-10.9488616,1.791356633,4
5.74,-10.2127807,1.8925776,4
5.76,-9.517242335,2.004361551,4
5.78,-8.885325406,2.122701091,4
5.8,-8.3310914,2.242634602,4
5.82,-7.861564454,2.358539329,4
5.84,-7.478421394,2.464675957,4
5.86,-7.17951483,2.555849788,4
5.88,-6.960388382,2.62795552,4
5.9,-6.815599603,2.678282747,4
5.92,-6.739692768,2.705576075,4
5.94,-6.727599513,2.709984104,4
5.96,-6.774440756,2.693002244,4
5.98,-6.874601458,2.657505059,4
6,-7.01998401,2.607874995,4
6.02,-7.197250187,2.550216333,4
6.04,-7.38417584,2.492579717,4
6.06,-7.546619311,2.44494506,4
6.08,-7.640275042,2.418458085,4
6.1,-7.623472762,2.423159057,4
6.12,-7.480394636,2.464099697,4
6.14,-7.23695046,2.537711676,4
6.16,-6.949474727,2.631672139,4
6.18,-6.674356204,2.729590861,4
6.2,-6.445662382,2.817671811,4
6.22,-6.272092923,2.889011325,4
6.24,-6.144890377,2.943965811,4
6.26,-6.046796909,2.98799018,4
6.28,-5.958339236,3.02898361,4
6.3,-5.861754978,3.075211878,4
6.32,-5.743936908,3.133788877,4
6.34,-5.598788888,3.209468557,4
6.36,-5.428683022,3.303493604,4
6.38,-5.244241896,3.412564976,4
6.4,-5.062226313,3.528237666,4
6.42,-4.902112383,3.637300544,4
6.44,-4.782457866,3.723702131,4
6.46,-4.718060679,3.772063585,4
6.48,-4.718700414,3.7715765,4
6.5,-4.789532304,3.718470565,4
6.52,-4.932880587,3.615778009,4
6.54,-5.150595461,3.471027365,4
6.56,-5.446383687,3.293426747,4
6.58,-5.827611935,3.091934443,4
6.6,-6.306432242,2.874571982,4
6.62,-6.899628566,2.648804517,4
6.64,-7.625104377,2.422701595,4
6.66,-8.489193702,2.206697033,4
6.68,-9.452568805,2.015679699,4
6.7,-10.36695995,1.870042106,4
6.72,-10.94659665,1.791644706,4
6.74,-10.95444471,1.790647106,4
6.76,-10.48087649,1.853866091,4
6.78,-9.819155394,1.953689721,4
6.8,-9.172736348,2.066670552,4
6.82,-8.605704444,2.181123488,4
6.84,-8.114584836,2.294294862,4
6.86,-7.681004102,2.407153608,4
6.88,-7.291633097,2.520723543,4
6.9,-6.941786642,2.634297684,4
6.92,-6.633186333,2.744977986,4
6.94,-6.370545342,2.848047726,4
6.96,-6.15885412,2.937817544,4
6.98,-6.001965818,3.008609018,4
7,-5.902367232,3.055582184,4
1,-0.778734215,22.32265339,20
1.02,-0.807249512,21.53520224,20
1.04,-0.839194552,20.7166388,20
1.06,-0.874958159,19.87119747,20
1.08,-0.915133094,19.00034643,20
1.1,-0.960539285,18.1038711,20
1.12,-1.012288922,17.18031004,20
1.14,-1.071911297,16.22692182,20
1.16,-1.141581336,15.239193,20
1.18,-1.224549755,14.20974756,20
1.2,-1.326000004,13.126323,20
1.22,-1.454887692,11.96819249,20
1.24,-1.628193007,10.70058501,20
1.26,-1.881382402,9.269590693,20
1.28,-2.292757222,7.620750033,20
1.3,-2.995419849,5.856810344,20
1.32,-3.771471772,4.678242241,20
1.34,-3.61667555,4.872442964,20
1.36,-3.196110957,5.496476364,20
1.38,-3.1110992,5.643376741,20
1.4,-3.271241253,5.373076317,20
1.42,-3.595562344,4.900246048,20
1.44,-4.062757179,4.353533844,20
1.46,-4.684311464,3.797953019,20
1.48,-5.49398716,3.266685583,20
1.5,-6.548052803,2.777439886,20
1.52,-7.933264052,2.339889047,20
1.54,-9.785450851,1.959175836,20
1.56,-12.32194326,1.638692118,20
1.58,-15.83774062,1.385148692,20
1.6,-19.69198363,1.231171192,20
1.62,-18.71060086,1.26245162,20
1.64,-14.88554125,1.439580095,20
1.66,-11.9528316,1.675787263,20
1.68,-9.904868373,1.939923828,20
1.7,-8.462960377,2.21255996,20
1.72,-7.443889853,2.474812928,20
1.74,-6.721053925,2.712376935,20
1.76,-6.182331377,2.927545654,20
1.78,-5.714911661,3.148604193,20
1.8,-5.236586063,3.417263613,20
1.82,-4.738404769,3.756639872,20
1.84,-4.263742792,4.155789711,20
1.86,-3.851562571,4.583983412,20
1.88,-3.514533584,5.010094899,20
1.9,-3.24774364,5.411050044,20
1.92,-3.040499184,5.77168583,20
1.94,-2.88235401,6.082147565,20
1.96,-2.76498596,6.335738791,20
1.98,-2.681850621,6.528912592,20
2,-2.62545965,6.666963391,20
2.02,-2.58316421,6.774493369,20
2.04,-2.544921722,6.874819191,20
2.06,-2.519597093,6.942944437,20
2.08,-2.517814434,6.947791925,20
2.1,-2.540444593,6.886763488,20
2.12,-2.585859548,6.76753514,20
2.14,-2.653693707,6.597104475,20
2.16,-2.745177217,6.380696047,20
2.18,-2.862983809,6.122554622,20
2.2,-3.011189866,5.826738636,20
2.22,-3.19563552,5.497275949,20
2.24,-3.424205678,5.138763733,20
2.26,-3.707556148,4.756432992,20
2.28,-4.059973027,4.356413197,20
2.3,-4.500587657,3.945865578,20
2.32,-5.055007777,3.533001856,20
2.34,-5.757040959,3.127150904,20
2.36,-6.651347654,2.738165625,20
2.38,-7.79556966,2.376029528,20
2.4,-9.263664338,2.049732086,20
2.42,-11.15027981,1.766266957,20
2.44,-13.58043791,1.529726462,20
2.46,-16.73368753,1.340965683,20
2.48,-20.89775586,1.198238005,20
2.5,-26.38428346,1.100729325,20
2.52,-29.8080242,1.066819201,20
2.54,-25.74182663,1.108883285,20
2.56,-21.42407274,1.185501522,20
2.58,-17.86703302,1.293142968,20
2.6,-14.90722733,1.438243777,20
2.62,-12.50766481,1.620985347,20
2.64,-10.64076264,1.831814995,20
2.66,-9.256553451,2.051043634,20
2.68,-8.290020611,2.252211794,20
2.7,-7.673711736,2.409168244,20
2.72,-7.34734464,2.503690789,20
2.74,-7.261746257,2.52997489,20
2.76,-7.375517804,2.495181066,20
2.78,-7.641094939,2.418229256,20
2.8,-7.975223712,2.32914074,20
2.82,-8.225286995,2.267515632,20
2.84,-8.203504567,2.272723613,20
2.86,-7.848516396,2.361972491,20
2.88,-7.306792109,2.516061735,20
2.9,-6.770195529,2.694531146,20
2.92,-6.336005649,2.862267526,20
2.94,-6.017838337,3.00127236,20
2.96,-5.795163093,3.108016687,20
2.98,-5.640533449,3.187290001,20
3,-5.528877756,3.247387894,20
3.02,-5.441157706,3.296391872,20
3.04,-5.366614866,3.339335203,20
3.06,-5.302743684,3.377121951,20
3.08,-5.252650802,3.407420413,20
3.1,-5.221535739,3.426541871,20
3.12,-5.214156649,3.431111105,20
3.14,-5.233930282,3.418896861,20
3.16,-5.282905928,3.389049913,20
3.18,-5.362261391,3.341881277,20
3.2,-5.472704515,3.278581683,20
3.22,-5.614746998,3.200949852,20
3.24,-5.788679339,3.111252568,20
3.26,-5.994469266,3.012088147,20
3.28,-6.231480461,2.906302767,20
3.3,-6.498354247,2.796802118,20
3.32,-6.793105792,2.686303912,20
3.34,-7.113600693,2.57704684,20
3.36,-7.458403317,2.470540272,20
3.38,-7.827811758,2.367445295,20
3.4,-8.224905804,2.267606517,20
3.42,-8.656247776,2.170260561,20
3.44,-9.132206743,2.074339288,20
3.46,-9.666418547,1.978888816,20
3.48,-10.27464835,1.88344423,20
3.5,-10.97211146,1.788407303,20
3.52,-11.76870536,1.695299167,20
3.54,-12.66011513,1.606902692,20
3.56,-13.61288124,1.527230908,20
3.58,-14.54410074,1.461268708,20
3.6,-15.31016118,1.414263431,20
3.62,-15.74129124,1.390288506,20
3.64,-15.73988652,1.39036395,20
3.66,-15.35448867,1.411720557,20
3.68,-14.73198026,1.449181622,20
3.7,-14.02002396,1.4970871,20
3.72,-13.32096043,1.550209101,20
3.74,-12.69257245,1.603955491,20
3.76,-12.16000502,1.654645692,20
3.78,-11.72685697,1.699832208,20
3.8,-11.38625197,1.738150031,20
3.82,-11.13252239,1.768437631,20
3.84,-10.96529763,1.789270199,20
3.86,-10.86233283,1.802458414,20
3.88,-10.72504447,1.820487465,20
3.9,-10.42327356,1.861996266,20
3.92,-9.939430453,1.934447231,20
3.94,-9.357963705,2.032545291,20
3.96,-8.762387619,2.147889561,20
3.98,-8.201318794,2.27324785,20
4,-7.697763177,2.402539036,20
4.02,-7.260738402,2.530288272,20
4.04,-6.892052711,2.651431209,20
4.06,-6.589977707,2.761343883,20
4.08,-6.351378992,2.855918463,20
4.1,-6.172949693,2.931640613,20
4.12,-6.051878738,2.985672974,20
4.14,-5.98610882,3.015978891,20
4.16,-5.974328734,3.021480258,20
4.18,-6.015875674,3.002177369,20
4.2,-6.110694344,2.959145985,20
4.22,-6.259453126,2.894367854,20
4.24,-6.46388107,2.810415678,20
4.26,-6.727299666,2.71009361,20
4.28,-7.055305783,2.596142116,20
4.3,-7.456414608,2.47112469,20
4.32,-7.942446527,2.337526505,20
4.34,-8.528365696,2.198014805,20
4.36,-9.231248621,2.055728827,20
4.38,-10.0680818,1.914427156,20
4.4,-11.05173791,1.778412568,20
4.42,-12.18382974,1.652267693,20
4.44,-13.44053702,1.540652819,20
4.46,-14.74456877,1.448385248,20
4.48,-15.92224017,1.380710212,20
4.5,-16.69446583,1.342773289,20
4.52,-16.8221418,1.336929032,20
4.54,-16.34056392,1.359590728,20
4.56,-15.52232615,1.402256499,20
4.58,-14.63479283,1.455386591,20
4.6,-13.83511157,1.510513133,20
4.62,-13.19588584,1.56042544,20
4.64,-12.74711938,1.599042101,20
4.66,-12.50083954,1.621625227,20
4.68,-12.46137842,1.625340804,20
4.7,-12.62688362,1.609938583,20
4.72,-12.98434211,1.578236748,20
4.74,-13.50109322,1.535890152,20
4.76,-14.11888271,1.49008307,20
4.78,-14.75969621,1.447430465,20
4.8,-15.34809325,1.412086303,20
4.82,-15.83799793,1.385135086,20
4.84,-16.22048011,1.365511512,20
4.86,-16.50557421,1.351634152,20
4.88,-16.69735788,1.342639629,20
4.9,-16.78434344,1.338647245,20
4.92,-16.74905952,1.340260217,20
4.94,-16.58445728,1.347902166,20
4.96,-16.30193855,1.361483018,20
4.98,-15.92686934,1.380468777,20
5,-15.48889832,1.404120985,20
5.02,-15.01416094,1.431724051,20
5.04,-14.52134871,1.462758482,20
5.06,-14.02095304,1.49702072,20
5.08,-13.5170557,1.5346432,20
5.1,-13.01078783,1.575972641,20
5.12,-12.50413651,1.621316028,20
5.14,-12.00251539,1.670640262,20
5.16,-11.51542081,1.723313562,20
5.18,-11.0554905,1.777945558,20
5.2,-10.6368019,1.83235228,20
5.22,-10.27298859,1.883687657,20
5.24,-9.975680489,1.928748279,20
5.26,-9.753279328,1.964451468,20
5.28,-9.610335168,1.988363385,20
5.3,-9.547549907,1.999115498,20
5.32,-9.562590799,1.996525574,20
5.34,-9.651225121,1.981443583,20
5.36,-9.808476962,1.955423354,20
5.38,-10.02931221,1.920400369,20
5.4,-10.30907359,1.878414961,20
5.42,-10.64396352,1.831381114,20
5.44,-11.03141266,1.780948296,20
5.46,-11.46942298,1.728553216,20
5.48,-11.95383807,1.675682508,20
5.5,-12.4735581,1.624191064,20
5.52,-13.00458419,1.57650278,20
5.54,-13.50411321,1.535653967,20
5.56,-13.90691043,1.505248874,20
5.58,-14.12945043,1.489341372,20
5.6,-14.09046153,1.492084502,20
5.62,-13.74791558,1.516995346,20
5.64,-13.12832233,1.566040306,20
5.66,-12.31817696,1.639057633,20
5.68,-11.4243362,1.733735848,20
5.7,-10.53775961,1.845935007,20
5.72,-9.718755314,1.970155736,20
5.74,-8.998675269,2.100138381,20
5.76,-8.387901127,2.229553484,20
5.78,-7.884065554,2.352647405,20
5.8,-7.478319243,2.464705798,20
5.82,-7.159338496,2.562294447,20
5.84,-6.915481644,2.643327547,20
5.86,-6.735833922,2.706980831,20
5.88,-6.610743026,2.753450737,20
5.9,-6.532199232,2.783582842,20
5.92,-6.494124437,2.798464346,20
5.94,-6.492442722,2.799125855,20
5.96,-6.524701161,2.786499085,20
5.98,-6.589123138,2.761669832,20
6,-6.683288065,2.726278839,20
6.02,-6.802946669,2.682787854,20
6.04,-6.941638566,2.634348313,20
6.06,-7.091413995,2.584275355,20
6.08,-7.244190029,2.535446996,20
6.1,-7.392600411,2.490054709,20
6.12,-7.52931863,2.449914543,20
6.14,-7.644953719,2.417152988,20
6.16,-7.727185664,2.394489162,20
6.18,-7.765889842,2.383998772,20
6.2,-7.762795188,2.384833448,20
6.22,-7.730689722,2.393534813,20
6.24,-7.677611204,2.408090445,20
6.26,-7.597911992,2.430352902,20
6.28,-7.479300473,2.464419194,20
6.3,-7.312659017,2.51426299,20
6.32,-7.096242013,2.582698307,20
6.34,-6.835698239,2.671162604,20
6.36,-6.542946476,2.779415088,20
6.38,-6.235149386,2.904731008,20
6.4,-5.933464499,3.040740046,20
6.42,-5.660606067,3.176746073,20
6.44,-5.43707885,3.298710228,20
6.46,-5.277490606,3.392322076,20
6.48,-5.188781038,3.446926188,20
6.5,-5.170972715,3.458120481,20
6.52,-5.219494091,3.427804756,20
6.54,-5.327661559,3.362269169,20
6.56,-5.488565385,3.26970708,20
6.58,-5.696251447,3.158211505,20
6.6,-5.946414807,3.03460665,20
6.62,-6.236808135,2.904021037,20
6.64,-6.567088771,2.770104834,20
6.66,-6.93690465,2.635968105,20
6.68,-7.340116696,2.505885147,20
6.7,-7.754575474,2.38705388,20
6.72,-8.134300936,2.289468245,20
6.74,-8.420700545,2.222087504,20
6.76,-8.578311742,2.187068631,20
6.78,-8.621136677,2.177792144,20
6.8,-8.595035143,2.183434221,20
6.82,-8.538781417,2.195720688,20
6.84,-8.463488389,2.212441568,20
6.86,-8.356856367,2.236678196,20
6.88,-8.20011629,2.273536388,20
6.9,-7.985379016,2.326557523,20
6.92,-7.723216369,2.395571333,20
6.94,-7.43758027,2.476675939,20
6.96,-7.154890114,2.563720499,20
6.98,-6.895477993,2.650242847,20
7,-6.669958992,2.731224807,20
1,-0.770063083,22.57367834,30
1.02,-0.798177207,21.77962734,30
1.04,-0.829591256,20.95608275,30
1.06,-0.864632059,20.10811605,30
1.08,-0.903785748,19.23846439,30
1.1,-0.947693698,18.34876529,30
1.12,-0.997167486,17.44025451,30
1.14,-1.053220665,16.51416424,30
1.16,-1.117118621,15.57195301,30
1.18,-1.190450792,14.61544139,30
1.2,-1.275233019,13.64689593,30
1.22,-1.374052577,12.66908719,30
1.24,-1.490275578,11.68533803,30
1.26,-1.628347727,10.69957421,30
1.28,-1.794237458,9.716388253,30
1.3,-1.996099895,8.741128586,30
1.32,-2.24528739,7.780031015,30
1.34,-2.557906305,6.840416473,30
1.36,-2.957223078,5.930989865,30
1.38,-3.477318251,5.062286356,30
1.4,-4.168250868,4.247318413,30
1.42,-5.101634,3.502473217,30
1.44,-6.368884079,2.848727972,30
1.46,-8.037246595,2.313472782,30
1.48,-9.945945607,1.933419578,30
1.5,-11.28022194,1.750618497,30
1.52,-11.1826483,1.762330325,30
1.54,-10.38172728,1.867922786,30
1.56,-9.850772597,1.948581037,30
1.58,-9.834947417,1.951133522,30
1.6,-10.21212553,1.89267498,30
1.62,-10.68214504,1.826228092,30
1.64,-10.84137303,1.805177668,30
1.66,-10.44178129,1.859373121,30
1.68,-9.624732135,1.985919608,30
1.7,-8.714623825,2.1578837,30
1.72,-7.94465177,2.336959992,30
1.74,-7.422665383,2.481093163,30
1.76,-7.182107059,2.555024559,30
1.78,-7.194852922,2.550976085,30
1.8,-7.326175751,2.510130478,30
1.82,-7.309354305,2.515275811,30
1.84,-6.925968761,2.639718922,30
1.86,-6.249723578,2.89850646,30
1.88,-5.514750678,3.25517106,30
1.9,-4.873069253,3.657872358,30
1.92,-4.367239028,4.061197205,30
1.94,-3.990042624,4.43007673,30
1.96,-3.724068319,4.735971853,30
1.98,-3.55668983,4.952311321,30
2,-3.479438921,5.059281889,30
2.02,-3.460296189,5.086537617,30
2.04,-3.397978646,5.177421659,30
2.06,-3.23820045,5.426631688,30
2.08,-3.079857162,5.699423134,30
2.1,-2.983962528,5.878859543,30
2.12,-2.946029009,5.953097179,30
2.14,-2.951981994,5.941319476,30
2.16,-2.993092511,5.861275424,30
2.18,-3.065529777,5.725511734,30
2.2,-3.168658466,5.543043126,30
2.22,-3.304057847,5.320956972,30
2.24,-3.475117245,5.065408569,30
2.26,-3.68697628,4.782195092,30
2.28,-3.946686138,4.477082073,30
2.3,-4.263541396,4.15597835,30
2.32,-4.649571551,3.825004519,30
2.34,-5.120201669,3.490475166,30
2.36,-5.695094659,3.15880923,30
2.38,-6.399153381,2.836391314,30
2.4,-7.2635122,2.529426011,30
2.42,-8.325828635,2.243856138,30
2.44,-9.627406887,1.985466475,30
2.46,-11.19844204,1.76041887,30
2.48,-13.00167379,1.576751698,30
2.5,-14.75879422,1.447487327,30
2.52,-15.70545098,1.392218739,30
2.54,-15.1581294,1.423125782,30
2.56,-13.62322551,1.526438213,30
2.58,-11.92612599,1.678574281,30
2.6,-10.41805109,1.862738345,30
2.62,-9.173326924,2.066559353,30
2.64,-8.188579585,2.276309211,30
2.66,-7.447928827,2.473622111,30
2.68,-6.93714879,2.635884512,30
2.7,-6.645152013,2.74048524,30
2.72,-6.564449813,2.771119033,30
2.74,-6.692640971,2.722820628,30
2.76,-7.033029748,2.603527107,30
2.78,-7.589463729,2.432741916,30
2.8,-8.345439425,2.23931271,30
2.82,-9.211556225,2.059394338,30
2.84,-9.946837777,1.93327897,30
2.86,-10.18892355,1.896132565,30
2.88,-9.778521412,1.960308921,30
2.9,-8.962150911,2.107340959,30
2.92,-8.077693644,2.303393881,30
2.94,-7.302801201,2.517287061,30
2.96,-6.68087153,2.727173997,30
2.98,-6.199634793,2.92002685,30
3,-5.833559396,3.089006892,30
3.02,-5.558834682,3.231018702,30
3.04,-5.356888046,3.345029695,30
3.06,-5.214333791,3.43100126,30
3.08,-5.12203834,3.48929321,30
3.1,-5.073859746,3.520589,30
3.12,-5.065308503,3.526207692,30
3.14,-5.092534114,3.508386242,30
3.16,-5.151828814,3.470243175,30
3.18,-5.239509313,3.415467849,30
3.2,-5.351971942,3.347915913,30
3.22,-5.48582011,3.271239345,30
3.24,-5.638045892,3.188602099,30
3.26,-5.806266495,3.102492656,30
3.28,-5.988999838,3.014632206,30
3.3,-6.185939489,2.925974215,30
3.32,-6.398172543,2.836789157,30
3.34,-6.628281464,2.746824528,30
3.36,-6.880282658,2.655524179,30
3.38,-7.159375256,2.56228267,30
3.4,-7.471495241,2.466701209,30
3.42,-7.822686931,2.3688047,30
3.44,-8.218316512,2.269178987,30
3.46,-8.662167457,2.16899725,30
3.48,-9.155486217,2.069925451,30
3.5,-9.696101503,1.973923075,30
3.52,-10.27783764,1.882976721,30
3.54,-10.8905902,1.798811065,30
3.56,-11.52158901,1.72261457,30
3.58,-12.15836792,1.654809491,30
3.6,-12.79349741,1.594903175,30
3.62,-13.430098,1.541479011,30
3.64,-14.08606814,1.49239476,30
3.66,-14.79463838,1.445234232,30
3.68,-15.59861879,1.398038644,30
3.7,-16.53148331,1.350403333,30
3.72,-17.56251635,1.305198594,30
3.74,-18.4610596,1.27113811,30
3.76,-18.66085247,1.264158233,30
3.78,-17.69687718,1.299811575,30
3.8,-15.94654373,1.379444636,30
3.82,-14.09571011,1.49171416,30
3.84,-12.49390171,1.622276495,30
3.86,-11.20650772,1.75944507,30
3.88,-10.17701684,1.897913724,30
3.9,-9.326201604,2.038291717,30
3.92,-8.597734178,2.182849084,30
3.94,-7.962199749,2.332463973,30
3.96,-7.405722073,2.486134016,30
3.98,-6.920915057,2.641456469,30
4,-6.502734692,2.795083078,30
4.02,-6.147029961,2.943021861,30
4.04,-5.850149075,3.080873494,30
4.06,-5.608904713,3.204062742,30
4.08,-5.420642917,3.308088652,30
4.1,-5.283317995,3.388801208,30
4.12,-5.195538056,3.442699408,30
4.14,-5.156579011,3.467226516,30
4.16,-5.16638281,3.461018568,30
4.18,-5.225558837,3.424056311,30
4.2,-5.335398081,3.357686764,30
4.22,-5.497896392,3.26451083,30
4.24,-5.715778017,3.148159723,30
4.26,-5.992524138,3.012992355,30
4.28,-6.332444594,2.863742803,30
4.3,-6.740867248,2.705148858,30
4.32,-7.224511629,2.541613991,30
4.34,-7.791978356,2.376990377,30
4.36,-8.453933635,2.214586433,30
4.38,-9.222017615,2.057444942,30
4.4,-10.10506486,1.908776566,30
4.42,-11.10141798,1.772258814,30
4.44,-12.18695513,1.651956539,30
4.46,-13.29940362,1.551953637,30
4.48,-14.32341627,1.475963195,30
4.5,-15.09658199,1.426776719,30
4.52,-15.47258509,1.405034544,30
4.54,-15.42471591,1.407729233,30
4.56,-15.07323078,1.428171574,30
4.58,-14.59727474,1.457809087,30
4.6,-14.14599889,1.488182611,30
4.62,-13.81495082,1.512003158,30
4.64,-13.65921234,1.523691687,30
4.66,-13.70961627,1.519873871,30
4.68,-13.97977082,1.499973324,30
4.7,-14.46113715,1.466728729,30
4.72,-15.10625862,1.426200264,30
4.74,-15.80768169,1.386742056,30
4.76,-16.400177,1.356692589,30
4.78,-16.72622841,1.341308608,30
4.8,-16.73891954,1.340725382,30
4.82,-16.52217757,1.350844834,30
4.84,-16.20473804,1.366295991,30
4.86,-15.88347793,1.382738852,30
4.88,-15.60832479,1.397505753,30
4.9,-15.39628982,1.409339335,30
4.92,-15.24509067,1.418029652,30
4.94,-15.13941373,1.424232081,30
4.96,-15.05238999,1.429421004,30
4.98,-14.94656708,1.435831833,30
5,-14.77868083,1.446235633,30
5.02,-14.51123973,1.463422239,30
5.04,-14.12851304,1.489407109,30
5.06,-13.64639807,1.524667687,30
5.08,-13.10581221,1.567926239,30
5.1,-12.55306275,1.616749883,30
5.12,-12.02231936,1.668602344,30
5.14,-11.53059008,1.721596083,30
5.16,-11.08330682,1.774494968,30
5.18,-10.68278523,1.826142043,30
5.2,-10.33397138,1.874800847,30
5.22,-10.04618983,1.917793757,30
5.24,-9.832054937,1.951601039,30
5.26,-9.705025838,1.97243664,30
5.28,-9.676583256,1.977184556,30
5.3,-9.753723404,1.964378385,30
5.32,-9.937546099,1.934744734,30
5.34,-10.22360568,1.890970653,30
5.36,-10.60391884,1.836830349,30
5.38,-11.06922375,1.776239507,30
5.4,-11.60873192,1.712830033,30
5.42,-12.20432682,1.65023044,30
5.44,-12.81960771,1.592588475,30
5.46,-13.39378111,1.54436526,30
5.48,-13.85863645,1.508781066,30
5.5,-14.17810861,1.485943564,30
5.52,-14.36939948,1.472855932,30
5.54,-14.47812212,1.465604683,30
5.56,-14.53909593,1.461595927,30
5.58,-14.55576744,1.460506996,30
5.6,-14.49580528,1.46443785,30
5.62,-14.29482029,1.477907813,30
5.64,-13.87575186,1.50752535,30
5.66,-13.19322325,1.560645425,30
5.68,-12.27960431,1.642816067,30
5.7,-11.24365415,1.754980709,30
5.72,-10.21784753,1.891824967,30
5.74,-9.304945188,2.042161431,30
5.76,-8.557303383,2.191656015,30
5.78,-7.983410412,2.32705773,30
5.8,-7.564588618,2.439809078,30
5.82,-7.270529411,2.527247754,30
5.84,-7.069746664,2.591380861,30
5.86,-6.935360916,2.636496824,30
5.88,-6.847738773,2.666918165,30
5.9,-6.79497407,2.68563557,30
5.92,-6.771690853,2.693992381,30
5.94,-6.776782831,2.692159616,30
5.96,-6.811004239,2.679916903,30
5.98,-6.875207885,2.65729345,30
6,-6.969507408,2.624859457,30
6.02,-7.093076459,2.583732064,30
6.04,-7.243871515,2.535546533,30
6.06,-7.417346321,2.482673024,30
6.08,-7.603500556,2.428775659,30
6.1,-7.783058569,2.379380946,30
6.12,-7.926853653,2.341541833,30
6.14,-8.004884449,2.321615563,30
6.16,-8.003279503,2.322021225,30
6.18,-7.930812674,2.340520746,30
6.2,-7.805132547,2.373475586,30
6.22,-7.637543713,2.419220764,30
6.24,-7.431511999,2.478470862,30
6.26,-7.188861135,2.55287737,30
6.28,-6.914935525,2.643515782,30
6.3,-6.620281041,2.74984261,30
6.32,-6.319338426,2.869187389,30
6.34,-6.027441793,2.996852917,30
6.36,-5.757945404,3.126693904,30
6.38,-5.520928451,3.251762416,30
6.4,-5.323574535,3.36469549,30
6.42,-5.171233391,3.457956049,30
6.44,-5.068171103,3.524324617,30
6.46,-5.017715322,3.557839124,30
6.48,-5.022113836,3.554889934,30
6.5,-5.082572492,3.514884184,30
6.52,-5.199725674,3.440085566,30
6.54,-5.374462195,3.334756542,30
6.56,-5.608704865,3.204169344,30
6.58,-5.90547482,3.054091691,30
6.6,-6.267482221,2.890962651,30
6.62,-6.693538467,2.722489314,30
6.64,-7.172015384,2.558240765,30
6.66,-7.67111242,2.409887332,30
6.68,-8.129999163,2.290519204,30
6.7,-8.46509194,2.212082112,30
6.72,-8.607440805,2.180748017,30
6.74,-8.551250934,2.192982143,30
6.76,-8.357155393,2.236609299,30
6.78,-8.104718961,2.296719535,30
6.8,-7.850861944,2.36135444,30
6.82,-7.621412265,2.423737064,30
6.84,-7.419804494,2.481942602,30
6.86,-7.236897951,2.537728119,30
6.88,-7.058827056,2.594979235,30
6.9,-6.873811137,2.657780895,30
6.92,-6.677033553,2.728597098,30
6.94,-6.472099082,2.80715659,30
6.96,-6.269165974,2.890249712,30
6.98,-6.081251155,2.972358701,30
7,-5.920481053,3.046917112,30
1,-0.794864834,21.87026039,40
1.02,-0.825978553,21.04760253,40
1.04,-0.860840068,20.1965463,40
1.06,-0.89993582,19.32061859,40
1.08,-0.943931241,18.42175783,40
1.1,-0.993699276,17.50099123,40
1.12,-1.050355872,16.55909576,40
1.14,-1.115334039,15.59680031,40
1.16,-1.190480634,14.61507617,40
1.18,-1.27821216,13.6152031,40
1.2,-1.381740883,12.59888762,40
1.22,-1.505416655,11.5683876,40
1.24,-1.655261061,10.52663019,40
1.26,-1.839783662,9.477570352,40
1.28,-2.071373983,8.42630555,40
1.3,-2.368454077,7.380039151,40
1.32,-2.759091623,6.349048349,40
1.34,-3.286680637,5.348424283,40
1.36,-4.016562521,4.4018338,40
1.38,-5.037947979,3.544317005,40
1.4,-6.41681472,2.829249366,40
1.42,-7.964769878,2.331807251,40
1.44,-8.836911658,2.132529759,40
1.46,-8.418262483,2.222640313,40
1.48,-7.585154635,2.433962627,40
1.5,-7.128143972,2.572334341,40
1.52,-7.203077898,2.548371618,40
1.54,-7.76831032,2.383346425,40
1.56,-8.760799231,2.14822002,40
1.58,-10.06563059,1.914803302,40
1.6,-11.35322055,1.742005897,40
1.62,-11.94413097,1.67669369,40
1.64,-11.37348992,1.739636763,40
1.66,-10.09636632,1.910101472,40
1.68,-8.768006564,2.1467216,40
1.7,-7.6852146,2.405992242,40
1.72,-6.909853134,2.645269074,40
1.74,-6.402213336,2.835150971,40
1.76,-6.050072839,2.986495962,40
1.78,-5.701737509,3.155380217,40
1.8,-5.274025973,3.394419183,40
1.82,-4.80438705,3.707536845,40
1.84,-4.367571801,4.060900438,40
1.86,-4.00628882,4.412729846,40
1.88,-3.732202169,4.725960324,40
1.9,-3.54639355,4.9662959,40
1.92,-3.454007568,5.095558256,40
1.94,-3.470081224,5.072567459,40
1.96,-3.593250832,4.903310109,40
1.98,-3.681517863,4.789077052,40
2,-3.502706931,5.026558974,40
2.02,-3.205326759,5.481024728,40
2.04,-2.994534531,5.858508032,40
2.06,-2.882454816,6.081938713,40
2.08,-2.837153037,6.177304987,40
2.1,-2.836835423,6.177984457,40
2.12,-2.870272761,6.107284979,40
2.14,-2.932346012,5.980351362,40
2.16,-3.021384462,5.807467371,40
2.18,-3.13784146,5.596298564,40
2.2,-3.283783835,5.353031725,40
2.22,-3.462653957,5.0831641,40
2.24,-3.679268744,4.791918765,40
2.26,-3.9399127,4.484520616,40
2.28,-4.252458342,4.166387451,40
2.3,-4.626387935,3.843288725,40
2.32,-5.072653504,3.521380395,40
2.34,-5.602554733,3.207453761,40
2.36,-6.225556755,2.908844544,40
2.38,-6.943917175,2.633569476,40
2.4,-7.74235772,2.390363607,40
2.42,-8.571149366,2.188629879,40
2.44,-9.326923405,2.038160653,40
2.46,-9.856017337,1.947737096,40
2.48,-10.0185697,1.922064535,40
2.5,-9.79019443,1.958401199,40
2.52,-9.282227872,2.046318537,40
2.54,-8.652690259,2.171020666,40
2.56,-8.02464229,2.316635851,40
2.58,-7.469346706,2.467330264,40
2.6,-7.022185756,2.607140002,40
2.62,-6.701166706,2.719677083,40
2.64,-6.519524721,2.788516468,40
2.66,-6.493332167,2.798775943,40
2.68,-6.643656562,2.741045809,40
2.7,-6.986067797,2.619258687,40
2.72,-7.491954104,2.460730371,40
2.74,-8.029569605,2.315398069,40
2.76,-8.385820011,2.230029321,40
2.78,-8.445961002,2.216380144,40
2.8,-8.287269647,2.252856931,40
2.82,-8.042751748,2.312094585,40
2.84,-7.788923395,2.377808472,40
2.86,-7.548393332,2.444436854,40
2.88,-7.321268749,2.511628843,40
2.9,-7.103318463,2.580390908,40
2.92,-6.891579803,2.651595376,40
2.94,-6.684439279,2.725852633,40
2.96,-6.480445095,2.803855587,40
2.98,-6.277799805,2.886600219,40
3,-6.07514139,2.975117175,40
3.02,-5.873228237,3.069637789,40
3.04,-5.676080952,3.168669974,40
3.06,-5.489856481,3.268987007,40
3.08,-5.320074791,3.36677622,40
3.1,-5.169343356,3.45914866,40
3.12,-5.03758854,3.544556255,40
3.14,-4.923520243,3.622296397,40
3.16,-4.826276305,3.691551192,40
3.18,-4.746251246,3.750727328,40
3.2,-4.685258941,3.797220986,40
3.22,-4.64635153,3.827532881,40
3.24,-4.63349525,3.837663496,40
3.26,-4.651318214,3.823634538,40
3.28,-4.704977063,3.782055031,40
3.3,-4.800245415,3.710578287,40
3.32,-4.94376686,3.608228865,40
3.34,-5.143443924,3.475582077,40
3.36,-5.40879332,3.314886594,40
3.38,-5.751138197,3.130137121,40
3.4,-6.183472822,2.927048315,40
3.42,-6.719904495,2.712797631,40
3.44,-7.374595992,2.495458411,40
3.46,-8.159974148,2.283220764,40
3.48,-9.084079061,2.083542635,40
3.5,-10.14638212,1.90251783,40
3.52,-11.33144061,1.744562348,40
3.54,-12.59906516,1.612494377,40
3.56,-13.87234877,1.507774729,40
3.58,-15.03194583,1.430650825,40
3.6,-15.93878432,1.379848166,40
3.62,-16.50082734,1.351860191,40
3.64,-16.74105388,1.34062741,40
3.66,-16.790251,1.338378043,40
3.68,-16.80347352,1.337776392,40
3.7,-16.83276228,1.336448049,40
3.72,-16.69700692,1.342655847,40
3.74,-16.15332477,1.368871664,40
3.76,-15.28719813,1.415587951,40
3.78,-14.35799685,1.473624192,40
3.8,-13.51465149,1.534830786,40
3.82,-12.79647402,1.594638735,40
3.84,-12.1966357,1.650993948,40
3.86,-11.69287773,1.70354026,40
3.88,-11.25780082,1.753289318,40
3.9,-10.86221764,1.802473327,40
3.92,-10.47748026,1.854342667,40
3.94,-10.07874058,1.912793894,40
3.96,-9.649684755,1.981703089,40
3.98,-9.187139676,2.063963028,40
4,-8.702667696,2.160404004,40
4.02,-8.218790401,2.269065808,40
4.04,-7.76144109,2.385198892,40
4.06,-7.352752816,2.502051889,40
4.08,-7.007483689,2.612057113,40
4.1,-6.733209354,2.707937233,40
4.12,-6.532323014,2.783534757,40
4.14,-6.404209363,2.834342555,40
4.16,-6.346720091,2.857839159,40
4.18,-6.357279228,2.853490227,40
4.2,-6.433593549,2.822502243,40
4.22,-6.57429522,2.767339608,40
4.24,-6.779219981,2.691283431,40
4.26,-7.049342091,2.598114387,40
4.28,-7.385908916,2.492059781,40
4.3,-7.788703452,2.377867398,40
4.32,-8.254056207,2.260682396,40
4.34,-8.773636878,2.145552901,40
4.36,-9.335128538,2.036672324,40
4.38,-9.924192837,1.936856533,40
4.4,-10.52520292,1.847677505,40
4.42,-11.11926314,1.770063571,40
4.44,-11.68099818,1.704842478,40
4.46,-12.17840102,1.652808597,40
4.48,-12.57974001,1.614277641,40
4.5,-12.86760854,1.588361952,40
4.52,-13.052804,1.572397755,40
4.54,-13.17843047,1.561869536,40
4.56,-13.31257663,1.550886782,40
4.58,-13.53841205,1.532980382,40
4.6,-13.95112753,1.502039351,40
4.62,-14.66468413,1.453467418,40
4.64,-15.82723723,1.385704587,40
4.66,-17.64887693,1.301723635,40
4.68,-20.46363311,1.209461806,40
4.7,-24.85128249,1.121352496,40
4.72,-30.10956816,1.064465786,40
4.74,-27.05141816,1.092936238,40
4.76,-22.61883833,1.159758222,40
4.78,-19.76110145,1.229129041,40
4.8,-17.82040517,1.294953561,40
4.82,-16.42041424,1.355714861,40
4.84,-15.36996336,1.410837149,40
4.86,-14.56188316,1.460108301,40
4.88,-13.92920524,1.503627522,40
4.9,-13.42662356,1.541754335,40
4.92,-13.02257584,1.574966926,40
4.94,-12.69470851,1.603762151,40
4.96,-12.42593942,1.62870113,40
4.98,-12.20070459,1.650589885,40
5,-12.0032581,1.670563693,40
5.02,-11.81968908,1.689826371,40
5.04,-11.64347624,1.708975583,40
5.06,-11.481272,1.7271989,40
5.08,-11.35415942,1.741895947,40
5.1,-11.29178123,1.749246254,40
5.12,-11.32177681,1.745700236,40
5.14,-11.45981826,1.729653359,40
5.16,-11.70485881,1.702229982,40
5.18,-12.04222521,1.666561742,40
5.2,-12.45405991,1.626032919,40
5.22,-12.93179821,1.582767636,40
5.24,-13.48086256,1.53747559,40
5.26,-14.11041702,1.490678208,40
5.28,-14.81103878,1.444207808,40
5.3,-15.53162388,1.401739691,40
5.32,-16.17219056,1.367924113,40
5.34,-16.61333191,1.346547485,40
5.36,-16.78078966,1.338809306,40
5.38,-16.68923411,1.343015233,40
5.4,-16.41364438,1.356041592,40
5.42,-16.02691594,1.375293952,40
5.44,-15.56565802,1.399854525,40
5.46,-15.03255086,1.430614369,40
5.48,-14.41680785,1.46967763,40
5.5,-13.71637464,1.519364519,40
5.52,-12.95237349,1.580988256,40
5.54,-12.16918979,1.653727662,40
5.56,-11.42161328,1.734050336,40
5.58,-10.75847014,1.816050227,40
5.6,-10.21164841,1.892745906,40
5.62,-9.793612719,1.957843498,40
5.64,-9.499904289,2.007379192,40
5.66,-9.312188921,2.040840544,40
5.68,-9.199381795,2.06166904,40
5.7,-9.118700317,2.076911403,40
5.72,-9.022788815,2.095417961,40
5.74,-8.876822953,2.124418785,40
5.76,-8.675843007,2.166085897,40
5.78,-8.444128593,2.216792922,40
5.8,-8.216185268,2.269688167,40
5.82,-8.018682327,2.318135218,40
5.84,-7.864933839,2.357654763,40
5.86,-7.758215774,2.386069889,40
5.88,-7.696465086,2.402895698,40
5.9,-7.675603077,2.408645338,40
5.92,-7.691135166,2.404361484,40
5.94,-7.738765694,2.391338787,40
5.96,-7.814701496,2.370926697,40
5.98,-7.915340382,2.344517471,40
6,-8.036119092,2.313755298,40
6.02,-8.168757666,2.281092994,40
6.04,-8.296580674,2.250675228,40
6.06,-8.390263551,2.229013636,40
6.08,-8.41252483,2.223942639,40
6.1,-8.340641041,2.240422277,40
6.12,-8.189824181,2.276009672,40
6.14,-8.00289807,2.32211766,40
6.16,-7.816376499,2.370481209,40
6.18,-7.643821537,2.41746865,40
6.2,-7.481905812,2.463658595,40
6.22,-7.321669693,2.511506334,40
6.24,-7.156825055,2.56309997,40
6.26,-6.989048246,2.618253659,40
6.28,-6.831049837,2.672805433,40
6.3,-6.706458583,2.717730119,40
6.32,-6.645439525,2.740377497,40
6.34,-6.676764021,2.728697104,40
6.36,-6.819568879,2.676873096,40
6.38,-7.07836916,2.588547734,40
6.4,-7.44261589,2.475188817,40
6.42,-7.888741245,2.351427576,40
6.44,-8.381482807,2.231021819,40
6.46,-8.872897934,2.125212937,40
6.48,-9.301631714,2.04276639,40
6.5,-9.598580275,1.990364671,40
6.52,-9.704687536,1.972492933,40
6.54,-9.595505914,1.990888974,40
6.56,-9.293964516,2.044168041,40
6.58,-8.858914531,2.128048416,40
6.6,-8.359876301,2.235982627,40
6.62,-7.857357755,2.359644853,40
6.64,-7.395513551,2.489183003,40
6.66,-7.002317029,2.613790271,40
6.68,-6.691307685,2.723312987,40
6.7,-6.46316229,2.810701143,40
6.72,-6.308122937,2.873865297,40
6.74,-6.210086936,2.915506262,40
6.76,-6.151204427,2.941182121,40
6.78,-6.115356406,2.957066014,40
6.8,-6.090242479,2.968309717,40
6.82,-6.068739471,2.978013751,40
6.84,-6.049730739,2.986651922,40
6.86,-6.037304794,2.992329249,40
6.88,-6.038292411,2.991877125,40
6.9,-6.059506378,2.98220252,40
6.92,-6.106130539,2.961185322,40
6.94,-6.181297239,2.927996404,40
6.96,-6.2863119,2.883012421,40
6.98,-6.421184054,2.827488815,40
7,-6.585248261,2.763148894,40
1,-0.732843023,23.71869925,50
1.02,-0.756464255,22.97895504,50
1.04,-0.78347373,22.18779689,50
1.06,-0.814195576,21.35174651,50
1.08,-0.849138805,20.4744058,50
1.1,-0.889007091,19.5577087,50
1.12,-0.934747196,18.60240058,50
1.14,-0.987627061,17.60835871,50
1.16,-1.049368128,16.57464451,50
1.18,-1.12235384,15.49951797,50
1.2,-1.209992324,14.38014353,50
1.22,-1.317317192,13.21250827,50
1.24,-1.452081426,11.9912143,50
1.26,-1.626711809,10.7102716,50
1.28,-1.861849147,9.366088551,50
1.3,-2.191838024,7.967680324,50
1.32,-2.667533137,6.563406112,50
1.34,-3.320401579,5.295388729,50
1.36,-3.980263049,4.440588357,50
1.38,-4.1746396,4.241061577,50
1.4,-3.925767641,4.50013881,50
1.42,-3.74120598,4.714929547,50
1.44,-3.809625545,4.632836874,50
1.46,-4.120712012,4.29449679,50
1.48,-4.658543502,3.817978613,50
1.5,-5.43966289,3.297241084,50
1.52,-6.513839396,2.790736042,50
1.54,-7.962527851,2.332380111,50
1.56,-9.889657285,1.942347551,50
1.58,-12.33916303,1.637024263,50
1.6,-14.81231734,1.444127907,50
1.62,-15.34510803,1.412257155,50
1.64,-13.43606089,1.541006893,50
1.66,-11.1889564,1.761566146,50
1.68,-9.432990834,2.019139515,50
1.7,-8.197022585,2.274279132,50
1.72,-7.381557742,2.493365655,50
1.74,-6.857645001,2.663437842,50
1.76,-6.430162819,2.823878819,50
1.78,-5.886074014,3.063423644,50
1.8,-5.204646159,3.437019813,50
1.82,-4.546593343,3.907679357,50
1.84,-4.022532416,4.39552829,50
1.86,-3.644685424,4.836062207,50
1.88,-3.388804993,5.191086437,50
1.9,-3.231134784,5.438228142,50
1.92,-3.158003144,5.561337938,50
1.94,-3.165851663,5.547850229,50
1.96,-3.255184228,5.398965544,50
1.98,-3.403832849,5.168740416,50
2,-3.499384818,5.031204032,50
2.02,-3.368190677,5.222067866,50
2.04,-3.077960747,5.702862207,50
2.06,-2.849208119,6.151628641,50
2.08,-2.745126601,6.380811763,50
2.1,-2.738090001,6.396940278,50
2.12,-2.799260728,6.259465437,50
2.14,-2.913788834,6.017726955,50
2.16,-3.077154947,5.704324789,50
2.18,-3.291593362,5.340629221,50
2.2,-3.564441359,4.941837113,50
2.22,-3.907954295,4.519970908,50
2.24,-4.339989823,4.08565567,50
2.26,-4.885508329,3.649030788,50
2.28,-5.578743057,3.220240798,50
2.3,-6.466005537,2.809572329,50
2.32,-7.608294496,2.427424643,50
2.34,-9.080703059,2.084192212,50
2.36,-10.95834445,1.790151992,50
2.38,-13.25591085,1.555493919,50
2.4,-15.74858757,1.389896906,50
2.42,-17.72874315,1.298549781,50
2.44,-18.40629762,1.273087108,50
2.46,-17.7353136,1.298290358,50
2.48,-16.1103839,1.371038941,50
2.5,-14.11191724,1.490572679,50
2.52,-12.22908791,1.647779934,50
2.54,-10.65383002,1.830045547,50
2.56,-9.393286449,2.026204627,50
2.58,-8.39498126,2.22793655,50
2.6,-7.601276271,2.429403116,50
2.62,-6.96608251,2.626021267,50
2.64,-6.458075428,2.8127233,50
2.66,-6.059603097,2.982158573,50
2.68,-5.764255212,3.123509808,50
2.7,-5.573670428,3.222979436,50
2.72,-5.492949725,3.267263258,50
2.74,-5.522247101,3.251035859,50
2.76,-5.643819221,3.185558707,50
2.78,-5.815760825,3.097786498,50
2.8,-5.990888483,3.013753173,50
2.82,-6.14690375,2.943077524,50
2.84,-6.291086843,2.881004245,50
2.86,-6.442060441,2.819111472,50
2.88,-6.612731406,2.752697655,50
2.9,-6.799102423,2.684160096,50
2.92,-6.971963221,2.624027124,50
2.94,-7.07859559,2.588473434,50
2.96,-7.066381622,2.592488505,50
2.98,-6.918008933,2.642456851,50
3,-6.663095967,2.733779537,50
3.02,-6.355106333,2.854383932,50
3.04,-6.042514129,2.989946184,50
3.06,-5.756496991,3.127425833,50
3.08,-5.512437954,3.256449158,50
3.1,-5.315454665,3.369527385,50
3.12,-5.165157748,3.461792974,50
3.14,-5.058679574,3.530576745,50
3.16,-4.992655634,3.574743454,50
3.18,-4.964745959,3.593776673,50
3.2,-4.974951508,3.586791478,50
3.22,-5.026485439,3.551964043,50
3.24,-5.125997062,3.48674861,50
3.26,-5.28324317,3.388846367,50
3.28,-5.510665064,3.257429675,50
3.3,-5.823303519,3.094059072,50
3.32,-6.239159558,2.903015264,50
3.34,-6.77994913,2.691021422,50
3.36,-7.472115725,2.466519612,50
3.38,-8.348168364,2.23868229,50
3.4,-9.448762053,2.016351196,50
3.42,-10.82619754,1.807153891,50
3.44,-12.55021269,1.617014731,50
3.46,-14.71333106,1.450364486,50
3.48,-17.40386057,1.311701362,50
3.5,-20.41878121,1.210660436,50
3.52,-22.03705429,1.171775927,50
3.54,-20.38534232,1.211558951,50
3.56,-17.69240794,1.299989025,50
3.58,-15.3880607,1.409806834,50
3.6,-13.58660969,1.529250628,50
3.62,-12.18652056,1.651999793,50
3.64,-11.08823144,1.773886116,50
3.66,-10.21331508,1.892498183,50
3.68,-9.502536052,2.006920362,50
3.7,-8.914960781,2.116741857,50
3.72,-8.428148594,2.220400857,50
3.74,-8.03741504,2.313430583,50
3.76,-7.752887906,2.387510372,50
3.78,-7.594414749,2.431341172,50
3.8,-7.58539887,2.433893399,50
3.82,-7.745160618,2.389603333,50
3.84,-8.075883777,2.303842567,50
3.86,-8.536133693,2.19630329,50
3.88,-9.004838129,2.098929335,50
3.9,-9.291700437,2.044582424,50
3.92,-9.27037293,2.048496754,50
3.94,-9.005993129,2.098702944,50
3.96,-8.66579096,2.168224884,50
3.98,-8.366975865,2.23434954,50
4,-8.146158374,2.286577534,50
4.02,-7.996731983,2.323677962,50
4.04,-7.902070652,2.347958561,50
4.06,-7.850354931,2.361488004,50
4.08,-7.837082894,2.364990865,50
4.1,-7.862036804,2.358415274,50
4.12,-7.925063881,2.342003799,50
4.14,-8.023216744,2.316994263,50
4.16,-8.149841029,2.285681579,50
4.18,-8.296187249,2.250767307,50
4.2,-8.45480108,2.214391492,50
4.22,-8.623055998,2.177378723,50
4.24,-8.804597324,2.139155301,50
4.26,-9.007531831,2.098401443,50
4.28,-9.240092425,2.054088208,50
4.3,-9.505682067,2.006372242,50
4.32,-9.798772157,1.957002538,50
4.34,-10.10301053,1.909089239,50
4.36,-10.39369625,1.866210004,50
4.38,-10.64718587,1.830944619,50
4.4,-10.85589658,1.803292173,50
4.42,-11.04031744,1.779836057,50
4.44,-11.24785522,1.75447792,50
4.46,-11.53953662,1.720585567,50
4.48,-11.97621852,1.673358354,50
4.5,-12.61321551,1.61119268,50
4.52,-13.50372942,1.535683975,50
4.54,-14.70865169,1.450661863,50
4.56,-16.31381306,1.360900056,50
4.58,-18.46398009,1.271034607,50
4.6,-21.43441337,1.185260367,50
4.62,-25.69428868,1.109513557,50
4.64,-29.71776235,1.067540763,50
4.66,-26.09880379,1.10427048,50
4.68,-21.66452859,1.179980828,50
4.7,-18.60118433,1.266221509,50
4.72,-16.43851707,1.354842867,50
4.74,-14.86796991,1.440666387,50
4.76,-13.71325898,1.519599259,50
4.78,-12.86254191,1.588806323,50
4.8,-12.23811819,1.646889105,50
4.82,-11.78200672,1.693866099,50
4.84,-11.44789881,1.731021566,50
4.86,-11.19721411,1.760567262,50
4.88,-10.99891096,1.785025157,50
4.9,-10.83252874,1.806328655,50
4.92,-10.69165174,1.824951479,50
4.94,-10.5842631,1.839522004,50
4.96,-10.5288081,1.847176736,50
4.98,-10.54808755,1.844505273,50
5,-10.66380845,1.82869765,50
5.02,-10.8932574,1.798467895,50
5.04,-11.24751013,1.754519204,50
5.06,-11.73031764,1.699455938,50
5.08,-12.33645084,1.637286599,50
5.1,-13.0487838,1.572738632,50
5.12,-13.83536995,1.510494071,50
5.14,-14.64876059,1.454488594,50
5.16,-15.43266975,1.407280041,50
5.18,-16.13583619,1.369752562,50
5.2,-16.72433242,1.341395837,50
5.22,-17.17577237,1.321327417,50
5.24,-17.45276702,1.309680251,50
5.26,-17.48340478,1.308421686,50
5.28,-17.19294727,1.320590926,50
5.3,-16.58054356,1.348086249,50
5.32,-15.7498455,1.389829438,50
5.34,-14.8476265,1.441928013,50
5.36,-13.99033494,1.499213916,50
5.38,-13.24039907,1.556763251,50
5.4,-12.61691341,1.610853071,50
5.42,-12.11202246,1.659467837,50
5.44,-11.70183953,1.702559887,50
5.46,-11.35216337,1.742129728,50
5.48,-11.02347863,1.781940996,50
5.5,-10.68033965,1.826470818,50
5.52,-10.30584955,1.878884379,50
5.54,-9.911585632,1.938856124,50
5.56,-9.531762211,2.001843678,50
5.58,-9.204873285,2.060642182,50
5.6,-8.958404603,2.10808334,50
5.62,-8.803952895,2.139287968,50
5.64,-8.738193065,2.152937264,50
5.66,-8.744989015,2.151516371,50
5.68,-8.799429578,2.140219761,50
5.7,-8.874307862,2.124927578,50
5.72,-8.945297875,2.110685933,50
5.74,-8.991663946,2.101516074,50
5.76,-8.994415,2.100975226,50
5.78,-8.936224532,2.112492481,50
5.8,-8.805305311,2.139009575,50
5.82,-8.600933063,2.182156097,50
5.84,-8.335612852,2.241586457,50
5.86,-8.031354995,2.314949965,50
5.88,-7.712841541,2.398405486,50
5.9,-7.401957565,2.487257327,50
5.92,-7.115591916,2.576400417,50
5.94,-6.865814001,2.660575798,50
5.96,-6.660995937,2.734562367,50
5.98,-6.506715327,2.793523037,50
6,-6.405907601,2.833655162,50
6.02,-6.35847113,2.853000273,50
6.04,-6.361174255,2.851889811,50
6.06,-6.40832314,2.832678083,50
6.08,-6.49239704,2.799143829,50
6.1,-6.603539961,2.756182817,50
6.12,-6.728170947,2.70977544,50
6.14,-6.849153971,2.66642032,50
6.16,-6.950446724,2.631340629,50
6.18,-7.024769246,2.606278193,50
6.2,-7.076893232,2.589032169,50
6.22,-7.118000819,2.57561891,50
6.24,-7.156232811,2.563289863,50
6.26,-7.191052932,2.552181491,50
6.28,-7.213753669,2.545000456,50
6.3,-7.211968795,2.545563344,50
6.32,-7.175138424,2.557244434,50
6.34,-7.09845464,2.58197632,50
6.36,-6.984329244,2.619845356,50
6.38,-6.841443746,2.669135282,50
6.4,-6.683423239,2.726228787,50
6.42,-6.529164153,2.784762438,50
6.44,-6.403657586,2.834565979,50
6.46,-6.334918273,2.862717821,50
6.48,-6.345401193,2.858383427,50
6.5,-6.441380486,2.819383432,50
6.52,-6.604626725,2.755770214,50
6.54,-6.79104313,2.68704224,50
6.56,-6.943515704,2.633706661,50
6.58,-7.01975718,2.607950743,50
6.6,-7.0140663,2.609852871,50
6.62,-6.950766173,2.631231699,50
6.64,-6.860992385,2.662264205,50
6.66,-6.767638354,2.695453074,50
6.68,-6.683673473,2.726136135,50
6.7,-6.616079159,2.751430793,50
6.72,-6.569244419,2.769277012,50
6.74,-6.545999825,2.77823362,50
6.76,-6.546719339,2.777955378,50
6.78,-6.568000431,2.769754665,50
6.8,-6.602348192,2.75663545,50
6.82,-6.639189839,2.742721732,50
6.84,-6.666349566,2.732567712,50
6.86,-6.671173666,2.730773224,50
6.88,-6.642557223,2.741458064,50
6.9,-6.57651548,2.766488939,50
6.92,-6.485093497,2.802020911,50
6.94,-6.400985295,2.835648605,50
6.96,-6.367618746,2.849246343,50
6.98,-6.417270434,2.829065626,50
7,-6.555804505,2.774447571,50
1,-0.732428614,23.73210339,60
1.02,-0.754378805,23.04239932,60
1.04,-0.779562421,22.29896959,60
1.06,-0.808261026,21.50829039,60
1.08,-0.840927324,20.67401757,60
1.1,-0.878200921,19.79794714,60
1.12,-0.920952839,18.88050078,60
1.14,-0.970365661,17.92091787,60
1.16,-1.028079931,16.91702655,60
1.18,-1.09640358,15.86536166,60
1.2,-1.178765493,14.75987631,60
1.22,-1.28034423,13.59261233,60
1.24,-1.409570787,12.35119766,60
1.26,-1.58041228,11.02223738,60
1.28,-1.816833424,9.596406006,60
1.3,-2.156919612,8.095321177,60
1.32,-2.638024734,6.635687795,60
1.34,-3.18849962,5.509305989,60
1.36,-3.489206209,5.045491822,60
1.38,-3.426634776,5.135213634,60
1.4,-3.332938532,5.27594784,60
1.42,-3.400148787,5.174200009,60
1.44,-3.645273696,4.835304208,60
1.46,-4.060941994,4.355410641,60
1.48,-4.658494795,3.81801668,60
1.5,-5.47313333,3.27834105,60
1.52,-6.566248737,2.770427582,60
1.54,-8.031375018,2.314944941,60
1.56,-10.00129648,1.92474871,60
1.58,-12.61994052,1.610575239,60
1.6,-15.68489467,1.393330844,60
1.62,-17.05322988,1.326638538,60
1.64,-14.96395068,1.434771022,60
1.66,-12.2827843,1.642505178,60
1.68,-10.23044724,1.889956986,60
1.7,-8.79630666,2.140863681,60
1.72,-7.848851834,2.361884079,60
1.74,-7.282971409,2.523396467,60
1.76,-6.979821406,2.621367946,60
1.78,-6.710706702,2.716169501,60
1.8,-6.176540262,2.930071855,60
1.82,-5.376483024,3.333579687,60
1.84,-4.605379522,3.860020163,60
1.86,-4.032021963,4.385544375,60
1.88,-3.656262639,4.821190259,60
1.9,-3.434429849,5.123855582,60
1.92,-3.33304378,5.275785261,60
1.94,-3.334694386,5.273236873,60
1.96,-3.424831746,5.137848253,60
1.98,-3.550508934,4.960696451,60
2,-3.562228193,4.944822926,60
2.02,-3.340364573,5.264502036,60
2.04,-3.038440621,5.775517478,60
2.06,-2.839116308,6.173108383,60
2.08,-2.766195602,6.333014461,60
2.1,-2.787673005,6.285040524,60
2.12,-2.878760943,6.089601404,60
2.14,-3.028779166,5.79357085,60
2.16,-3.237255702,5.428179281,60
2.18,-3.511272082,5.014624063,60
2.2,-3.864689759,4.568912635,60
2.22,-4.318897729,4.104803931,60
2.24,-4.904431565,3.635668603,60
2.26,-5.662822992,3.17558629,60
2.28,-6.646801667,2.739867176,60
2.3,-7.913524577,2.344987615,60
2.32,-9.50047442,2.00727977,60
2.34,-11.36978677,1.740068878,60
2.36,-13.34495653,1.548275038,60
2.38,-15.19019546,1.421238195,60
2.4,-16.9262861,1.332246259,60
2.42,-18.92167942,1.255346098,60
2.44,-21.32991597,1.187713094,60
2.46,-22.4461802,1.163227442,60
2.48,-20.08147035,1.219919483,60
2.5,-16.86257505,1.335102075,60
2.52,-14.25171678,1.480856932,60
2.54,-12.2574653,1.644985655,60
2.56,-10.7146976,1.821867315,60
2.58,-9.492750392,2.008627836,60
2.6,-8.505182917,2.203142703,60
2.62,-7.700414516,2.401810955,60
2.64,-7.052810584,2.596966883,60
2.66,-6.554477063,2.774959465,60
2.68,-6.207441776,2.916648803,60
2.7,-6.016614065,3.001836815,60
2.72,-5.98316057,3.017353629,60
2.74,-6.095765686,2.965828662,60
2.76,-6.318907419,2.869366839,60
2.78,-6.588176925,2.762030839,60
2.8,-6.832772969,2.672196173,60
2.82,-7.015875786,2.609247713,60
2.84,-7.147149727,2.566206364,60
2.86,-7.257758494,2.53121538,60
2.88,-7.372626675,2.496051162,60
2.9,-7.496282579,2.459471555,60
2.92,-7.606964079,2.427799396,60
2.94,-7.659795662,2.413024115,60
2.96,-7.606983959,2.427793796,60
2.98,-7.428653127,2.479317561,60
3,-7.146616944,2.566377679,60
3.02,-6.807715456,2.68108785,60
3.04,-6.457628691,2.812901049,60
3.06,-6.127153803,2.951817344,60
3.08,-5.832057087,3.089745797,60
3.1,-5.578315394,3.220471488,60
3.12,-5.36741331,3.338868706,60
3.14,-5.199857579,3.440003303,60
3.16,-5.077016652,3.518519637,60
3.18,-5.001637723,3.568664459,60
3.2,-4.977583966,3.584994464,60
3.22,-5.009422857,3.563413673,60
3.24,-5.102205305,3.502102712,60
3.26,-5.26158146,3.401975193,60
3.28,-5.494141576,3.266599619,60
3.3,-5.807797022,3.101732925,60
3.32,-6.211991805,2.914684107,60
3.34,-6.717788672,2.713572424,60
3.36,-7.337626612,2.50664218,60
3.38,-8.084918216,2.301604973,60
3.4,-8.973557198,2.1050848,60
3.42,-10.01756483,1.922220405,60
3.44,-11.23079044,1.75652291,60
3.46,-12.6252784,1.610085703,60
3.48,-14.20139073,1.484327751,60
3.5,-15.90731463,1.381489867,60
3.52,-17.5183935,1.306991474,60
3.54,-18.47233086,1.270738898,60
3.56,-18.20264559,1.280474175,60
3.58,-16.97764506,1.329964352,60
3.6,-15.50187294,1.403396111,60
3.62,-14.16421269,1.486911032,60
3.64,-13.05739658,1.572008649,60
3.66,-12.15214873,1.655432214,60
3.68,-11.38131852,1.73872431,60
3.7,-10.67646696,1.826991793,60
3.72,-9.996325495,1.925523082,60
3.74,-9.352370192,2.033554175,60
3.76,-8.807932401,2.138469057,60
3.78,-8.434571771,2.218948873,60
3.8,-8.260054018,2.259264241,60
3.82,-8.252531952,2.261043152,60
3.84,-8.331080464,2.242637139,60
3.86,-8.386680364,2.229832575,60
3.88,-8.333818997,2.242002155,60
3.9,-8.16852557,2.281149155,60
3.92,-7.954411412,2.334456829,60
3.94,-7.756275556,2.386594217,60
3.96,-7.603893792,2.42866477,60
3.98,-7.497697303,2.459060457,60
4,-7.426254791,2.480028397,60
4.02,-7.378640475,2.494242099,60
4.04,-7.349170555,2.503137176,60
4.06,-7.33702265,2.506825878,60
4.08,-7.343757165,2.504779352,60
4.1,-7.370996587,2.496542062,60
4.12,-7.419202124,2.482121543,60
4.14,-7.487674303,2.46197655,60
4.16,-7.575474784,2.436710186,60
4.18,-7.682811926,2.406654797,60
4.2,-7.812198175,2.371592866,60
4.22,-7.968625359,2.330822944,60
4.24,-8.158514136,2.283574922,60
4.26,-8.387436109,2.229659787,60
4.28,-8.657322197,2.170031132,60
4.3,-8.964248791,2.10692553,60
4.32,-9.298305925,2.043374071,60
4.34,-9.64676951,1.982194471,60
4.36,-10.00048773,1.924874637,60
4.38,-10.3603669,1.870990477,60
4.4,-10.73979018,1.818526153,60
4.42,-11.16161771,1.764885104,60
4.44,-11.65254146,1.707974239,60
4.46,-12.23861403,1.646840235,60
4.48,-12.94338983,1.581764356,60
4.5,-13.78812778,1.5139937,60
4.52,-14.79278778,1.445350229,60
4.54,-15.97613448,1.377910316,60
4.56,-17.35189044,1.313865507,60
4.58,-18.91203373,1.255666086,60
4.6,-20.57445639,1.206532032,60
4.62,-22.06087765,1.171265141,60
4.64,-22.80625629,1.15608186,60
4.66,-22.38261446,1.164524993,60
4.68,-21.10233651,1.193177702,60
4.7,-19.55038998,1.235417745,60
4.72,-18.04722959,1.286262616,60
4.74,-16.69184888,1.342894287,60
4.76,-15.49658472,1.403691374,60
4.78,-14.45082072,1.467413034,60
4.8,-13.54188656,1.532710447,60
4.82,-12.759986,1.597890301,60
4.84,-12.09777252,1.660908455,60
4.86,-11.54916384,1.719500165,60
4.88,-11.10895951,1.77133011,60
4.9,-10.77340635,1.81407746,60
4.92,-10.54079009,1.845515161,60
4.94,-10.41155879,1.863662015,60
4.96,-10.3873514,1.867117415,60
4.98,-10.46950705,1.85546287,60
5,-10.65724074,1.829584504,60
5.02,-10.94557233,1.791775032,60
5.04,-11.32314783,1.745538667,60
5.06,-11.77064011,1.695090488,60
5.08,-12.26114984,1.644623946,60
5.1,-12.76413953,1.597519066,60
5.12,-13.25242718,1.555778682,60
5.14,-13.70908158,1.519914193,60
5.16,-14.13021582,1.489287705,60
5.18,-14.52145997,1.462751183,60
5.2,-14.89004611,1.439302106,60
5.22,-15.23587254,1.418566429,60
5.24,-15.54384301,1.401061677,60
5.26,-15.78100967,1.388162302,60
5.28,-15.90331916,1.381698889,60
5.3,-15.87610428,1.383126174,60
5.32,-15.69840089,1.392599739,60
5.34,-15.4084994,1.408646854,60
5.36,-15.06320048,1.428772367,60
5.38,-14.70911976,1.450632106,60
5.4,-14.36526181,1.473134538,60
5.42,-14.02032067,1.4970659,60
5.44,-13.64144095,1.525045836,60
5.46,-13.192826,1.560678256,60
5.48,-12.65897628,1.607006424,60
5.5,-12.05782336,1.664968171,60
5.52,-11.43195098,1.732857272,60
5.54,-10.82637581,1.807130639,60
5.56,-10.27248936,1.883760894,60
5.58,-9.78645313,1.959012093,60
5.6,-9.376072197,2.029288162,60
5.62,-9.046838749,2.090737265,60
5.64,-8.802200721,2.139648788,60
5.66,-8.639218552,2.173905187,60
5.68,-8.544623229,2.19443664,60
5.7,-8.495411299,2.205313175,60
5.72,-8.463790773,2.212373773,60
5.74,-8.423472841,2.221459328,60
5.76,-8.354611393,2.237195623,60
5.78,-8.246471751,2.262478879,60
5.8,-8.097670496,2.298455669,60
5.82,-7.914591562,2.344711325,60
5.84,-7.708709909,2.39953641,60
5.86,-7.493861412,2.460175494,60
5.88,-7.28411928,2.523041857,60
5.9,-7.092391281,2.583955947,60
5.92,-6.929620454,2.63846507,60
5.94,-6.804488054,2.682238099,60
5.96,-6.723496732,2.711483361,60
5.98,-6.691333596,2.723303417,60
6,-6.711081113,2.716032054,60
6.02,-6.783977697,2.68957488,60
6.04,-6.908348561,2.645788633,60
6.06,-7.077059547,2.58897757,60
6.08,-7.272816899,2.526538641,60
6.1,-7.463072511,2.469169442,60
6.12,-7.602407385,2.429083987,60
6.14,-7.652142932,2.415150897,60
6.16,-7.606454216,2.427943052,60
6.18,-7.494054704,2.460119278,60
6.2,-7.35352046,2.501819468,60
6.22,-7.212671563,2.54534168,60
6.24,-7.085161222,2.586321161,60
6.26,-6.975323167,2.62288936,60
6.28,-6.882920392,2.654605641,60
6.3,-6.805929564,2.681724202,60
6.32,-6.742238489,2.704650266,60
6.34,-6.691231385,2.72334117,60
6.36,-6.655532965,2.736601229,60
6.38,-6.642493276,2.741482048,60
6.4,-6.664606525,2.733216765,60
6.42,-6.737993724,2.706194379,60
6.44,-6.878327464,2.656205513,60
6.46,-7.092266566,2.583996702,60
6.48,-7.360941521,2.499575228,60
6.5,-7.619798524,2.42418998,60
6.52,-7.769404711,2.383051616,60
6.54,-7.748613737,2.388667495,60
6.56,-7.589084624,2.432849252,60
6.58,-7.366865843,2.497787062,60
6.6,-7.136765173,2.56955036,60
6.62,-6.921168787,2.641369168,60
6.64,-6.72549277,2.71075372,60
6.66,-6.550699847,2.776417239,60
6.68,-6.398110401,2.836814367,60
6.7,-6.269810617,2.889976861,60
6.72,-6.167881997,2.933857982,60
6.74,-6.094315217,2.966479768,60
6.76,-6.051917048,2.985655521,60
6.78,-6.044894547,2.988858659,60
6.8,-6.077657635,2.973980426,60
6.82,-6.15199191,2.940835358,60
6.84,-6.263939933,2.892463841,60
6.86,-6.401518667,2.835432444,60
6.88,-6.544374796,2.778862268,60
6.9,-6.667068805,2.732299994,60
6.92,-6.746979712,2.702927969,60
6.94,-6.775661997,2.692562791,60
6.96,-6.768856148,2.695013937,60
6.98,-6.765737723,2.696138776,60
7,-6.810315318,2.68016209,60
