"Freq [thz]","dB(S(1,1)) [] - W1='4um'","dB(S(1,1)) [] - W1='20um'","dB(S(1,1)) [] - W1='30um'","dB(S(1,1)) [] - W1='40um'","dB(S(1,1)) [] - W1='50um'","dB(S(1,1)) [] - W1='60um'"
1,-1.09407557367624,-0.778734215041584,-0.77006308317129,-0.794864833856579,-0.732843022521992,-0.732428614466727
1.02,-1.14325807134281,-0.807249512367053,-0.798177206657422,-0.82597855280767,-0.756464255411916,-0.754378805376447
1.04,-1.1980697116572,-0.839194552197188,-0.829591256091655,-0.860840067906974,-0.783473730376322,-0.779562421086543
1.06,-1.25942773127817,-0.874958159127786,-0.864632059385269,-0.899935819840191,-0.814195576220086,-0.808261025862992
1.08,-1.32860590970253,-0.915133094418399,-0.903785748070781,-0.943931240637585,-0.849138804976315,-0.840927323691712
1.1,-1.40739252605117,-0.960539284886093,-0.947693698337199,-0.993699276225364,-0.889007090661968,-0.878200920676237
1.12,-1.49847020300638,-1.01228892235549,-0.997167486034434,-1.05035587164481,-0.934747196051606,-0.920952838715318
1.14,-1.60640890190453,-1.0719112973763,-1.05322066489744,-1.11533403850262,-0.987627061231474,-0.970365661437419
1.16,-1.74072292970679,-1.14158133645058,-1.11711862115926,-1.19048063411228,-1.04936812842877,-1.0280799312516
1.18,-1.92737529993715,-1.22454975455115,-1.19045079216169,-1.27821215998192,-1.12235384031486,-1.09640357963024
1.2,-2.25315764685761,-1.32600000366886,-1.27523301949316,-1.38174088336919,-1.20999232422752,-1.17876549323493
1.22,-2.67518869751582,-1.45488769153674,-1.37405257693258,-1.50541665514339,-1.31731719210319,-1.28034423024104
1.24,-2.55320653343709,-1.62819300730628,-1.49027557843979,-1.65526106094198,-1.45208142638238,-1.40957078732792
1.26,-2.61909730269575,-1.8813824023416,-1.62834772685828,-1.83978366197781,-1.62671180874524,-1.5804122797651
1.28,-2.83626363056858,-2.2927572224223,-1.79423745818002,-2.07137398287435,-1.86184914716073,-1.81683342418453
1.3,-3.13637453391891,-2.99541984892454,-1.99609989466284,-2.36845407729349,-2.19183802432342,-2.15691961188112
1.32,-3.51216643656507,-3.77147177249701,-2.24528738978502,-2.75909162329471,-2.66753313742299,-2.63802473419536
1.34,-3.97434491812305,-3.61667555025236,-2.55790630483896,-3.28668063680169,-3.32040157918875,-3.18849961966393
1.36,-4.54285024281248,-3.1961109568292,-2.95722307801686,-4.01656252110578,-3.98026304863451,-3.48920620865048
1.38,-5.24638368439057,-3.11109920034067,-3.4773182506225,-5.03794797878838,-4.17463959965931,-3.42663477635187
1.4,-6.12464987618865,-3.27124125270582,-4.16825086801854,-6.41681472003219,-3.92576764079021,-3.33293853230693
1.42,-7.23324434433306,-3.5955623443381,-5.10163399976737,-7.96476987839,-3.74120597954122,-3.4001487874862
1.44,-8.65130661893242,-4.06275717901392,-6.36888407912676,-8.83691165802471,-3.80962554451359,-3.64527369607632
1.46,-10.4957566721492,-4.68431146366473,-8.03724659520546,-8.41826248272711,-4.12071201202696,-4.0609419940542
1.48,-12.9327447774246,-5.49398716033432,-9.94594560718972,-7.58515463510776,-4.65854350232192,-4.65849479544406
1.5,-16.0913330700003,-6.54805280275646,-11.2802219395568,-7.12814397208434,-5.43966289038404,-5.47313333029082
1.52,-19.0454398435913,-7.93326405171339,-11.1826482990509,-7.2030778980724,-6.5138393955282,-6.56624873696805
1.54,-18.1842054169829,-9.78545085122107,-10.3817272829052,-7.76831031951503,-7.96252785138598,-8.03137501758563
1.56,-14.9650082988384,-12.3219432623114,-9.85077259669874,-8.7607992314084,-9.88965728535522,-10.0012964762722
1.58,-12.2011633016657,-15.8377406246566,-9.83494741657893,-10.0656305868336,-12.3391630314258,-12.6199405237889
1.6,-10.1243036651111,-19.6919836314303,-10.2121255348991,-11.3532205493357,-14.8123173376095,-15.6848946706133
1.62,-8.55721929133546,-18.7106008602472,-10.682145035046,-11.9441309663976,-15.345108033128,-17.0532298758343
1.64,-7.35343500847751,-14.8855412522214,-10.8413730336596,-11.3734899186256,-13.4360608898481,-14.9639506845107
1.66,-6.41386915329116,-11.9528316037967,-10.4417812911653,-10.0963663186773,-11.1889564040503,-12.2827843023123
1.68,-5.67130779828145,-9.90486837257362,-9.62473213451118,-8.7680065635185,-9.43299083363127,-10.2304472435738
1.7,-5.07863455153553,-8.46296037681815,-8.7146238249177,-7.68521460001475,-8.19702258483464,-8.7963066596779
1.72,-4.60199179038689,-7.44388985349829,-7.94465177008821,-6.90985313408667,-7.38155774219616,-7.84885183405356
1.74,-4.2163223344949,-6.72105392527188,-7.4226653833178,-6.40221333604752,-6.85764500104372,-7.28297140924214
1.76,-3.90301917750459,-6.18233137681913,-7.1821070588256,-6.05007283852469,-6.43016281925726,-6.97982140598407
1.78,-3.64822755121481,-5.71491166073315,-7.19485292150794,-5.70173750883021,-5.88607401373353,-6.71070670166719
1.8,-3.44158331575042,-5.23658606316442,-7.32617575080692,-5.27402597309306,-5.20464615918869,-6.17654026166853
1.82,-3.27514075852464,-4.73840476914247,-7.30935430504408,-4.80438705041439,-4.54659334277299,-5.37648302370095
1.84,-3.14281437686535,-4.26374279168451,-6.92596876077892,-4.36757180134603,-4.02253241644717,-4.60537952243265
1.86,-3.0398762718368,-3.85156257110345,-6.24972357815605,-4.00628882037803,-3.64468542362857,-4.03202196270725
1.88,-2.9627701013478,-3.51453358411283,-5.51475067807232,-3.73220216877484,-3.38880499299532,-3.65626263941513
1.9,-2.90885454489969,-3.24774364020582,-4.87306925325581,-3.54639354968202,-3.23113478412577,-3.4344298486661
1.92,-2.87626181798256,-3.04049918369048,-4.36723902826192,-3.45400756826116,-3.15800314439425,-3.33304378006273
1.94,-2.86381344537234,-2.88235401013741,-3.9900426244417,-3.47008122394132,-3.16585166282236,-3.33469438631165
1.96,-2.87090643008052,-2.7649859598214,-3.72406831940079,-3.59325083153901,-3.25518422803103,-3.42483174621858
1.98,-2.89773810852,-2.6818506209478,-3.55668982954581,-3.68151786270754,-3.40383284939843,-3.5505089338092
2,-2.94506105479786,-2.6254596496031,-3.47943892069576,-3.5027069306669,-3.49938481819533,-3.56222819281034
2.02,-3.01422273669955,-2.58316420998888,-3.46029618948057,-3.20532675915831,-3.3681906770972,-3.34036457283922
2.04,-3.10729579992129,-2.54492172202381,-3.39797864647669,-2.99453453084945,-3.0779607471964,-3.03844062058817
2.06,-3.22724845000115,-2.51959709336802,-3.23820045016484,-2.88245481603072,-2.84920811874375,-2.83911630811895
2.08,-3.37808410405231,-2.51781443431513,-3.07985716246172,-2.83715303715507,-2.74512660077205,-2.76619560232571
2.1,-3.56527468061166,-2.54044459271939,-2.98396252802324,-2.83683542266767,-2.73809000075266,-2.7876730047792
2.12,-3.79568368926464,-2.5858595484864,-2.94602900850899,-2.87027276143707,-2.79926072819309,-2.8787609425295
2.14,-4.07836757236036,-2.65369370702898,-2.9519819942595,-2.93234601210772,-2.9137888338786,-3.02877916590234
2.16,-4.42484655426489,-2.74517721742316,-2.99309251103412,-3.02138446183933,-3.0771549473721,-3.23725570191332
2.18,-4.84956809248354,-2.86298380938661,-3.06552977677179,-3.1378414600353,-3.29159336156636,-3.51127208161875
2.2,-5.37032938499953,-3.01118986586767,-3.16865846630915,-3.28378383496198,-3.56444135867249,-3.86468975862778
2.22,-6.00816936250774,-3.19563551962463,-3.30405784744625,-3.46265395710822,-3.9079542945717,-4.31889772911392
2.24,-6.78617657914536,-3.42420567779633,-3.47511724516816,-3.67926874396671,-4.33998982321319,-4.90443156452519
2.26,-7.72569384141785,-3.70755614821783,-3.68697628002642,-3.93991269956072,-4.88550832926651,-5.66282299249405
2.28,-8.8367725063787,-4.05997302689899,-3.94668613808216,-4.25245834191705,-5.5787430566447,-6.6468016669637
2.3,-10.0969862598922,-4.50058765748533,-4.26354139613749,-4.62638793516595,-6.46600553745976,-7.91352457742863
2.32,-11.4115054186999,-5.05500777721724,-4.6495715507433,-5.0726535041397,-7.60829449551758,-9.50047441957737
2.34,-12.5672125244335,-5.75704095900984,-5.12020166865889,-5.60255473261684,-9.0807030589634,-11.3697867739355
2.36,-13.2700160367305,-6.65134765375659,-5.69509465888024,-6.22555675457907,-10.9583444533769,-13.3449565333989
2.38,-13.3658190217785,-7.79556966042447,-6.3991533813055,-6.94391717514211,-13.2559108505848,-15.1901954582286
2.4,-13.0073207540847,-9.26366433797608,-7.2635121998862,-7.7423577196934,-15.7485875655488,-16.9262861047824
2.42,-12.4816474837163,-11.1502798143033,-8.32582863517678,-8.57114936637189,-17.7287431455597,-18.9216794171321
2.44,-11.995787762201,-13.5804379096693,-9.62740688653295,-9.32692340494258,-18.4062976230894,-21.3299159684294
2.46,-11.6434075638873,-16.7336875299402,-11.1984420417172,-9.85601733712165,-17.7353136011628,-22.4461802011021
2.48,-11.4500796664245,-20.8977558609384,-13.001673787393,-10.0185697020748,-16.1103838971296,-20.08147034891
2.5,-11.410700869603,-26.3842834622849,-14.7587942179378,-9.79019442996866,-14.1119172354228,-16.8625750486283
2.52,-11.5106822145001,-29.8080242037042,-15.7054509765061,-9.28222787234232,-12.229087908327,-14.2517167776413
2.54,-11.7389972428753,-25.7418266277288,-15.1581293972198,-8.65269025874502,-10.6538300242539,-12.2574653037188
2.56,-12.0991044288229,-21.4240727400797,-13.6232255093573,-8.02464228997498,-9.39328644861965,-10.7146975999385
2.58,-12.6197399510307,-17.867033018196,-11.9261259898908,-7.46934670586889,-8.39498126034602,-9.49275039223115
2.6,-13.3645553399389,-14.9072273346031,-10.4180510862442,-7.02218575588806,-7.60127627097703,-8.50518291726395
2.62,-14.4373062417017,-12.5076648087241,-9.17332692407834,-6.70116670552057,-6.96608250956044,-7.70041451620204
2.64,-15.9301654395099,-10.6407626378585,-8.18857958453797,-6.51952472132704,-6.45807542758301,-7.05281058416345
2.66,-17.5024316980252,-9.25655345096921,-7.44792882693226,-6.49333216668648,-6.0596030968247,-6.55447706302283
2.68,-17.4037581547723,-8.29002061122087,-6.93714878971932,-6.64365656192197,-5.76425521245306,-6.20744177634703
2.7,-15.4253398810583,-7.6737117357311,-6.64515201327807,-6.98606779694005,-5.57367042784561,-6.01661406477006
2.72,-13.9490068821719,-7.34734464012082,-6.56444981338117,-7.4919541038646,-5.49294972547146,-5.98316056992046
2.74,-13.442475934351,-7.26174625729107,-6.69264097122057,-8.02956960486241,-5.52224710067135,-6.0957656863753
2.76,-13.3633201233037,-7.37551780397138,-7.03302974779446,-8.38582001112543,-5.64381922066296,-6.31890741949322
2.78,-13.213500242036,-7.6410949391645,-7.58946372850166,-8.44596100201635,-5.81576082542278,-6.58817692483546
2.8,-12.7480022784017,-7.97522371157948,-8.34543942502098,-8.28726964727495,-5.99088848305993,-6.8327729691569
2.82,-11.9728480235763,-8.22528699536217,-9.21155622490951,-8.04275174849569,-6.14690374958931,-7.01587578586323
2.84,-11.0273974236778,-8.20350456699119,-9.94683777672096,-7.78892339501621,-6.29108684336213,-7.1471497266159
2.86,-10.0510656412049,-7.84851639589422,-10.188923546324,-7.54839333191498,-6.4420604412731,-7.25775849382713
2.88,-9.13107126666058,-7.30679210890432,-9.7785214123842,-7.32126874882745,-6.61273140576446,-7.37262667475899
2.9,-8.30807998499768,-6.77019552918687,-8.96215091062197,-7.1033184625374,-6.79910242342697,-7.49628257924878
2.92,-7.59473404612239,-6.33600564858678,-8.07769364396587,-6.89157980272184,-6.97196322115762,-7.60696407935003
2.94,-6.98957342423743,-6.01783833680101,-7.30280120082927,-6.68443927874303,-7.07859558980213,-7.65979566193501
2.96,-6.48494430104075,-5.79516309296147,-6.68087153034541,-6.4804450947171,-7.06638162151406,-7.60698395897679
2.98,-6.0710822711854,-5.64053344893183,-6.1996347933121,-6.27779980482563,-6.91800893334912,-7.42865312674138
3,-5.7380368959535,-5.52887775601123,-5.83355939578905,-6.07514138957167,-6.6630959671414,-7.1466169441078
3.02,-5.476586908473,-5.44115770641334,-5.55883468230316,-5.87322823661346,-6.35510633330546,-6.80771545641892
3.04,-5.2785132214231,-5.36661486614449,-5.35688804611884,-5.67608095243723,-6.04251412899782,-6.45762869121559
3.06,-5.1366667774651,-5.30274368437956,-5.21433379120293,-5.48985648069724,-5.75649699125939,-6.12715380306853
3.08,-5.0448435564306,-5.25265080174193,-5.12203833982729,-5.32007479139824,-5.51243795392622,-5.83205708661253
3.1,-4.99765207239978,-5.2215357389053,-5.07385974616198,-5.16934335570177,-5.31545466493227,-5.57831539381478
3.12,-4.9903095606234,-5.21415664892463,-5.0653085034393,-5.03758854004713,-5.16515774763973,-5.36741331028899
3.14,-5.01848069334666,-5.23393028196828,-5.09253411426191,-4.92352024341786,-5.0586795743421,-5.19985757905953
3.16,-5.07813548105714,-5.28290592815482,-5.15182881436814,-4.8262763045541,-4.99265563425763,-5.07701665202331
3.18,-5.16545843309787,-5.36226139145432,-5.23950931260779,-4.74625124635128,-4.9647459589657,-5.00163772340281
3.2,-5.27679300194967,-5.47270451451186,-5.35197194222471,-4.68525894090475,-4.97495150762326,-4.97758396552275
3.22,-5.40881139344372,-5.61474699829393,-5.48582011019737,-4.64635152984575,-5.02648543855967,-5.00942285653391
3.24,-5.55857268242251,-5.78867933909071,-5.63804589240179,-4.63349524985234,-5.12599706150262,-5.10220530463308
3.26,-5.72377972929567,-5.99446926647589,-5.80626649527348,-4.65131821369771,-5.28324317004161,-5.26158145967249
3.28,-5.90302429092839,-6.23148046055784,-5.98899983828049,-4.7049770634223,-5.51066506425102,-5.49414157592731
3.3,-6.0958492026297,-6.49835424660956,-6.18593948907303,-4.80024541536263,-5.82330351922671,-5.80779702165076
3.32,-6.30259952481403,-6.79310579223773,-6.39817254291183,-4.94376686048273,-6.23915955849116,-6.2119918049087
3.34,-6.52394621001903,-7.11360069256041,-6.62828146388401,-5.14344392380327,-6.77994912953364,-6.71778867152751
3.36,-6.7599231832045,-7.4584033166918,-6.88028265753705,-5.40879331996137,-7.47211572528441,-7.33762661197052
3.38,-7.00865757611565,-7.82781175765593,-7.15937525598319,-5.75113819718657,-8.34816836359904,-8.08491821631095
3.4,-7.26521684655426,-8.22490580378291,-7.47149524077,-6.18347282202106,-9.44876205344508,-8.97355719848718
3.42,-7.52127700607181,-8.65624777570372,-7.82268693133399,-6.71990449465159,-10.826197537409,-10.0175648338343
3.44,-7.76659751311227,-9.1322067428123,-8.21831651194551,-7.37459599205493,-12.5502126899916,-11.2307904398493
3.46,-7.99247019476641,-9.66641854713413,-8.66216745739543,-8.15997414769987,-14.7133310581162,-12.6252784047894
3.48,-8.19643976745606,-10.2746483482877,-9.15548621656957,-9.08407906101831,-17.4038605714635,-14.2013907297973
3.5,-8.38620751997411,-10.9721114642851,-9.69610150273705,-10.1463821164801,-20.4187812064882,-15.90731462643
3.52,-8.58117981082775,-11.7687053591638,-10.2778376352188,-11.331440607766,-22.0370542866767,-17.5183935017678
3.54,-8.81173112022401,-12.6601151302786,-10.8905902018288,-12.5990651625565,-20.3853423151225,-18.472330863236
3.56,-9.11821212533489,-13.612881242816,-11.5215890081928,-13.8723487701592,-17.6924079387538,-18.2026455885095
3.58,-9.5513977346061,-14.5441007399152,-12.1583679190845,-15.0319458283809,-15.3880606950716,-16.9776450610775
3.6,-10.1769570866065,-15.3101611761177,-12.7934974076842,-15.9387843231635,-13.5866096944505,-15.501872940938
3.62,-11.0849943984921,-15.7412912399995,-13.4300980039493,-16.5008273351812,-12.186520562542,-14.164212691306
3.64,-12.4097417217549,-15.7398865218302,-14.0860681433474,-16.7410538791712,-11.0882314351142,-13.0573965817429
3.66,-14.3730787043584,-15.3544886650227,-14.794638376853,-16.7902510014739,-10.2133150813028,-12.1521487342635
3.68,-17.4126787361452,-14.7319802609808,-15.5986187915421,-16.8034735249001,-9.5025360524432,-11.3813185180294
3.7,-22.7517792731936,-14.0200239599703,-16.5314833095714,-16.8327622830338,-8.91496078077217,-10.6764669616416
3.72,-39.6005280764136,-13.3209604280221,-17.5625163464753,-16.6970069157979,-8.42814859376725,-9.99632549493809
3.74,-25.3292283581537,-12.6925724511616,-18.4610596012951,-16.1533247688686,-8.03741504039207,-9.35237019195169
3.76,-18.9849871642329,-12.1600050185151,-18.6608524740418,-15.2871981348933,-7.75288790611698,-8.80793240096467
3.78,-15.6255307305331,-11.7268569658785,-17.6968771810993,-14.3579968459973,-7.59441474938139,-8.43457177130439
3.8,-13.426699767656,-11.3862519666865,-15.9465437303,-13.5146514906142,-7.58539887016289,-8.26005401836064
3.82,-11.8384666016274,-11.1325223931276,-14.0957101061979,-12.7964740240741,-7.74516061843697,-8.25253195183365
3.84,-10.6182038848113,-10.9652976322574,-12.4939017077122,-12.1966357003797,-8.07588377655199,-8.331080463814
3.86,-9.63974924843239,-10.8623328307605,-11.2065077237109,-11.6928777298152,-8.53613369289754,-8.38668036425558
3.88,-8.83214632220471,-10.7250444671533,-10.1770168441775,-11.2578008168935,-9.00483812893423,-8.33381899684089
3.9,-8.15395883537404,-10.4232735616777,-9.32620160379109,-10.8622176390303,-9.29170043660293,-8.16852556969891
3.92,-7.58023903403995,-9.93943045264397,-8.59773417832387,-10.4774802644726,-9.27037293035787,-7.95441141156573
3.94,-7.09516818814291,-9.35796370509347,-7.96219974924509,-10.0787405838263,-9.00599312930439,-7.75627555607226
3.96,-6.6878639918553,-8.76238761878575,-7.40572207348541,-9.64968475548609,-8.6657909600853,-7.60389379153703
3.98,-6.34985509284307,-8.20131879435994,-6.92091505732966,-9.18713967569017,-8.36697586546613,-7.49769730285659
4,-6.07390721800851,-7.69776317732976,-6.50273469179449,-8.7026676957155,-8.14615837379996,-7.42625479141669
4.02,-5.85343659936472,-7.26073840235345,-6.14702996073177,-8.21879040147841,-7.99673198342484,-7.3786404754326
4.04,-5.68242430311033,-6.89205271099276,-5.85014907498166,-7.76144109027544,-7.90207065192469,-7.34917055468161
4.06,-5.55550584997175,-6.58997770740858,-5.60890471342556,-7.35275281613071,-7.8503549312475,-7.33702265046186
4.08,-5.4681809420556,-6.35137899190062,-5.42064291730985,-7.00748368931662,-7.83708289408969,-7.34375716481753
4.1,-5.41699043900911,-6.17294969277645,-5.28331799539428,-6.73320935391569,-7.86203680385757,-7.37099658741737
4.12,-5.39967533825474,-6.05187873789678,-5.19553805644659,-6.53232301413049,-7.92506388131003,-7.41920212382389
4.14,-5.41525044724367,-5.98610882031727,-5.15657901075133,-6.40420936258802,-8.02321674377576,-7.48767430301895
4.16,-5.46405251634406,-5.9743287342886,-5.1663828099625,-6.34672009139229,-8.1498410291991,-7.57547478429239
4.18,-5.54779587252462,-6.01587567407466,-5.2255588372995,-6.35727922825517,-8.29618724945973,-7.6828119256058
4.2,-5.66964612115438,-6.11069434439972,-5.33539808120493,-6.4335935493882,-8.45480107992185,-7.81219817452091
4.22,-5.8344142576861,-6.25945312577834,-5.49789639232755,-6.57429521987117,-8.62305599784944,-7.96862535903142
4.24,-6.04869003700666,-6.4638810704115,-5.71577801673522,-6.77921998125825,-8.8045973238334,-8.15851413563739
4.26,-6.32089759953462,-6.72729966625426,-5.99252413769632,-7.04934209072088,-9.00753183087871,-8.38743610879447
4.28,-6.66086680483626,-7.05530578340703,-6.33244459402756,-7.3859089161493,-9.2400924249364,-8.6573221968368
4.3,-7.07865080499306,-7.45641460833146,-6.74086724766393,-7.78870345218717,-9.5056820672583,-8.96424879139961
4.32,-7.58243600011522,-7.94244652684999,-7.22451162876581,-8.25405620748098,-9.79877215696963,-9.298305924883
4.34,-8.17642779696486,-8.52836569631597,-7.79197835648224,-8.77363687766873,-10.1030105343318,-9.64676951017921
4.36,-8.86046443012081,-9.23124862063092,-8.45393363451437,-9.3351285384348,-10.3936962456989,-10.0004877342058
4.38,-9.6329009718208,-10.068081798176,-9.22201761465897,-9.92419283712737,-10.6471858730479,-10.3603669043407
4.4,-10.4956335985705,-11.0517379109656,-10.1050648615493,-10.5252029246269,-10.8558965807043,-10.7397901781713
4.42,-11.4579400419138,-12.1838297374206,-11.1014179806243,-11.1192631431164,-11.040317442423,-11.1616177091141
4.44,-12.535937491718,-13.4405370229771,-12.1869551328577,-11.6809981753549,-11.2478552183655,-11.6525414643883
4.46,-13.7450407941339,-14.7445687651738,-13.2994036156463,-12.1784010220763,-11.5395366150643,-12.2386140341651
4.48,-15.0799356810047,-15.9222401695827,-14.3234162695591,-12.5797400118299,-11.9762185171938,-12.9433898286622
4.5,-16.4689448015854,-16.6944658318457,-15.0965819902429,-12.867608535957,-12.6132155120553,-13.7881277802998
4.52,-17.6943226213093,-16.8221417959429,-15.4725850877081,-13.0528039990808,-13.5037294219912,-14.7927877790099
4.54,-18.3702459896517,-16.3405639223674,-15.4247159142005,-13.1784304675542,-14.7086516896269,-15.9761344795656
4.56,-18.2245783083777,-15.5223261498707,-15.073230779147,-13.3125766261915,-16.313813058352,-17.3518904433301
4.58,-17.4520800321811,-14.6347928316722,-14.5972747418594,-13.5384120486194,-18.4639800922297,-18.9120337344136
4.6,-16.4814614778855,-13.8351115733904,-14.1459988938943,-13.9511275292097,-21.4344133657585,-20.5744563857698
4.62,-15.6076667884459,-13.1958858392067,-13.8149508240067,-14.6646841289054,-25.6942886802959,-22.0608776516518
4.64,-14.9530444684916,-12.7471193757529,-13.6592123396327,-15.8272372331076,-29.7177623478258,-22.8062562911488
4.66,-14.5455522104489,-12.5008395376025,-13.7096162669592,-17.6488769307054,-26.0988037901392,-22.3826144555932
4.68,-14.3677234899587,-12.461378415967,-13.9797708243402,-20.4636331053395,-21.6645285896373,-21.1023365111062
4.7,-14.3725533180871,-12.6268836207848,-14.4611371535652,-24.8512824911526,-18.6011843324618,-19.5503899830023
4.72,-14.4868831032686,-12.9843421109311,-15.1062586243395,-30.1095681577034,-16.4385170685105,-18.0472295865992
4.74,-14.6227278631174,-13.5010932162132,-15.8076816866549,-27.0514181577897,-14.8679699068781,-16.6918488809885
4.76,-14.7054992893559,-14.1188827058174,-16.400177001865,-22.6188383291246,-13.7132589814633,-15.4965847156196
4.78,-14.7050007893473,-14.759696206245,-16.7262284146836,-19.7611014541472,-12.8625419076066,-14.4508207204486
4.8,-14.6409543645547,-15.3480932506043,-16.7389195399107,-17.8204051719794,-12.2381181868025,-13.5418865630958
4.82,-14.5600491986531,-15.837997929915,-16.5221775675917,-16.4204142383209,-11.7820067160699,-12.7599860024686
4.84,-14.5092721343497,-16.220480112281,-16.2047380415331,-15.3699633624933,-11.4478988101478,-12.0977725170572
4.86,-14.5233562714305,-16.5055742075807,-15.8834779268904,-14.5618831620701,-11.1972141101427,-11.5491638364253
4.88,-14.6245539938536,-16.6973578830965,-15.6083247872945,-13.9292052436072,-10.9989109609848,-11.1089595084642
4.9,-14.8271259995744,-16.7843434407672,-15.3962898242935,-13.4266235618302,-10.8325287386872,-10.7734063500149
4.92,-15.1416897924558,-16.7490595155843,-15.2450906746259,-13.0225758409842,-10.6916517443577,-10.5407900929837
4.94,-15.5778414053579,-16.5844572773436,-15.1394137325041,-12.6947085139168,-10.5842630992768,-10.4115587926637
4.96,-16.1444857780089,-16.3019385470108,-15.0523899869377,-12.4259394202385,-10.5288081033731,-10.3873514029008
4.98,-16.8457889275832,-15.926869340955,-14.9465670798249,-12.2007045871285,-10.5480875505915,-10.4695070548808
5,-17.6687569694444,-15.4888983246339,-14.7786808265426,-12.0032580987386,-10.6638084500417,-10.6572407422471
5.02,-18.551984646149,-15.014160939192,-14.5112397307592,-11.8196890838177,-10.8932574044496,-10.9455723251135
5.04,-19.3260586313607,-14.5213487101391,-14.1285130422557,-11.643476241131,-11.24751013394,-11.3231478305495
5.06,-19.6695821784826,-14.0209530422337,-13.6463980686226,-11.4812719956946,-11.7303176351887,-11.7706401138573
5.08,-19.2620616767847,-13.5170556984776,-13.1058122115629,-11.3541594235511,-12.3364508366816,-12.2611498354309
5.1,-18.127530140524,-13.0107878336161,-12.5530627494557,-11.2917812324574,-13.0487838036162,-12.7641395274789
5.12,-16.6176206867735,-12.5041365122377,-12.0223193626993,-11.3217768124479,-13.8353699541256,-13.2524271805327
5.14,-15.0652799718891,-12.0025153889709,-11.5305900819429,-11.4598182634679,-14.6487605914221,-13.709081581756
5.16,-13.6487015503842,-11.5154208125055,-11.0833068219199,-11.7048588053619,-15.4326697518213,-14.1302158215639
5.18,-12.4389055175517,-11.055490498844,-10.6827852331364,-12.0422252137528,-16.1358361876542,-14.5214599688424
5.2,-11.4563092423523,-10.6368019029883,-10.3339713824755,-12.4540599092642,-16.7243324173445,-14.8900461123516
5.22,-10.699432984802,-10.2729885934373,-10.0461898279567,-12.9317982073583,-17.1757723690991,-15.2358725436542
5.24,-10.1563927701567,-9.97568048887031,-9.83205493705847,-13.4808625647569,-17.4527670180487,-15.5438430149257
5.26,-9.80951947685455,-9.75327932788165,-9.70502583775671,-14.1104170152085,-17.4834047836204,-15.781009670138
5.28,-9.63777627995715,-9.61033516779885,-9.67658325584668,-14.8110387819443,-17.1929472747035,-15.903319162665
5.3,-9.61869405612584,-9.54754990667119,-9.75372340387094,-15.5316238751995,-16.5805435567093,-15.8761042750355
5.32,-9.72984485446555,-9.56259079937008,-9.9375460986873,-16.1721905614722,-15.7498455024591,-15.6984008854214
5.34,-9.94940689897078,-9.65122512103324,-10.2236056751405,-16.613331907268,-14.8476265008986,-15.4084994003355
5.36,-10.2551733192045,-9.80847696163186,-10.6039188442369,-16.7807896561041,-13.9903349427352,-15.0632004839757
5.38,-10.6219360594865,-10.0293122126732,-11.0692237521319,-16.689234107117,-13.2403990734326,-14.7091197649222
5.4,-11.0182916480207,-10.3090735896444,-11.608731915257,-16.4136443815585,-12.6169134110709,-14.3652618118558
5.42,-11.4065843113574,-10.6439635217365,-12.2043268236679,-16.0269159372936,-12.1120224621116,-14.020320665493
5.44,-11.7512457350452,-11.0314126581198,-12.8196077082209,-15.56565801571,-11.7018395278317,-13.641440945184
5.46,-12.0354691338516,-11.469422975769,-13.3937811065443,-15.0325508636869,-11.3521633651023,-13.1928260015285
5.48,-12.2730576366361,-11.953838069329,-13.8586364527089,-14.4168078456675,-11.023478625483,-12.658976280396
5.5,-12.4994377610048,-12.4735581015108,-14.1781086138512,-13.7163746354494,-10.6803396463279,-12.0578233637121
5.52,-12.7468277728377,-13.0045841892657,-14.3693994770386,-12.9523734894033,-10.3058495545476,-11.4319509756914
5.54,-13.0237103391926,-13.5041132103722,-14.4781221230176,-12.1691897896064,-9.91158563242958,-10.8263758124572
5.56,-13.3083617272103,-13.9069104322982,-14.5390959337041,-11.4216132803962,-9.53176221066891,-10.272489359462
5.58,-13.5525859115171,-14.1294504272382,-14.5557674396938,-10.7584701356988,-9.20487328506574,-9.78645312983207
5.6,-13.6918331610757,-14.0904615349144,-14.4958052805511,-10.2116484055962,-8.9584046033141,-9.37607219730173
5.62,-13.6630711977086,-13.7479155832386,-14.2948202874405,-9.79361271944353,-8.80395289543107,-9.04683874896409
5.64,-13.4281377265574,-13.128322328716,-13.8757518579492,-9.49990428862592,-8.73819306518035,-8.80220072106767
5.66,-12.9903395517335,-12.3181769586843,-13.1932232522546,-9.31218892130208,-8.74498901454644,-8.63921855199468
5.68,-12.3911743010168,-11.4243362024869,-12.2796043077899,-9.1993817950062,-8.79942957763902,-8.54462322922237
5.7,-11.6909346257118,-10.5377596068457,-11.2436541472502,-9.11870031661645,-8.87430786200513,-8.49541129922472
5.72,-10.9488615994363,-9.71875531435902,-10.2178475317128,-9.02278881506745,-8.94529787494057,-8.46379077294957
5.74,-10.2127807001553,-8.9986752685766,-9.30494518791818,-8.87682295335782,-8.99166394587604,-8.42347284111579
5.76,-9.51724233460184,-8.38790112727048,-8.55730338252085,-8.67584300669175,-8.9944149997113,-8.35461139273638
5.78,-8.88532540622786,-7.88406555435491,-7.98341041162037,-8.4441285930137,-8.93622453239183,-8.24647175057503
5.8,-8.33109140032033,-7.47831924347862,-7.56458861773295,-8.2161852676223,-8.80530531078743,-8.09767049620555
5.82,-7.86156445395154,-7.15933849587531,-7.27052941088205,-8.01868232652292,-8.60093306323675,-7.91459156239299
5.84,-7.47842139406796,-6.91548164379688,-7.06974666438857,-7.86493383920388,-8.33561285189383,-7.70870990904443
5.86,-7.17951483007142,-6.73583392189349,-6.93536091591878,-7.75821577410027,-8.03135499536374,-7.49386141234002
5.88,-6.96038838227415,-6.6107430263743,-6.84773877281257,-7.69646508563386,-7.71284154149638,-7.28411928042386
5.9,-6.81559960317459,-6.53219923167852,-6.79497406983014,-7.67560307738537,-7.40195756548419,-7.09239128060741
5.92,-6.73969276759797,-6.49412443682872,-6.77169085294444,-7.69113516590762,-7.11559191616897,-6.9296204543703
5.94,-6.72759951310718,-6.49244272156107,-6.77678283078821,-7.73876569441801,-6.86581400053427,-6.80448805399696
5.96,-6.77444075578646,-6.52470116103056,-6.81100423924502,-7.81470149601408,-6.66099593728013,-6.7234967318008
5.98,-6.87460145844686,-6.58912313812869,-6.87520788530712,-7.91534038204314,-6.50671532718067,-6.69133359575465
6,-7.01998400971861,-6.68328806547003,-6.96950740821981,-8.03611909221367,-6.40590760100125,-6.71108111327025
6.02,-7.19725018656852,-6.80294666934038,-7.09307645859343,-8.16875766633321,-6.35847112972457,-6.78397769740898
6.04,-7.38417584026539,-6.9416385655419,-7.24387151458822,-8.29658067401155,-6.36117425533427,-6.90834856054133
6.06,-7.54661931132485,-7.09141399543916,-7.41734632117665,-8.39026355127908,-6.40832314046003,-7.07705954742283
6.08,-7.64027504214954,-7.24419002943479,-7.60350055579246,-8.41252482975857,-6.49239704000669,-7.27281689885184
6.1,-7.62347276234149,-7.39260041086592,-7.78305856915117,-8.34064104095085,-6.60353996126597,-7.46307251137068
6.12,-7.48039463595831,-7.52931863037109,-7.92685365333743,-8.18982418087593,-6.7281709470604,-7.60240738450393
6.14,-7.23695045968239,-7.64495371934609,-8.0048844491116,-8.00289807007179,-6.84915397059696,-7.65214293206977
6.16,-6.94947472684826,-7.72718566373942,-8.0032795027354,-7.81637649948785,-6.95044672421438,-7.6064542155139
6.18,-6.67435620391725,-7.76588984153731,-7.93081267393938,-7.64382153726942,-7.02476924550891,-7.4940547038961
6.2,-6.44566238247342,-7.76279518800856,-7.80513254714246,-7.48190581156995,-7.07689323201228,-7.35352045957346
6.22,-6.27209292333243,-7.73068972247232,-7.63754371255077,-7.32166969318148,-7.11800081938772,-7.21267156281316
6.24,-6.14489037732356,-7.67761120380347,-7.43151199913957,-7.15682505504221,-7.15623281074149,-7.08516122163375
6.26,-6.04679690948879,-7.59791199182846,-7.18886113494375,-6.98904824630256,-7.19105293213609,-6.97532316703474
6.28,-5.95833923566663,-7.47930047282399,-6.91493552504253,-6.83104983744661,-7.21375366872602,-6.88292039160993
6.3,-5.86175497801903,-7.31265901657796,-6.62028104108519,-6.70645858256625,-7.21196879508474,-6.8059295636677
6.32,-5.74393690777069,-7.09624201271998,-6.31933842633621,-6.64543952549372,-7.17513842356551,-6.74223848884059
6.34,-5.59878888841713,-6.83569823944339,-6.02744179296976,-6.67676402051972,-7.09845463964356,-6.69123138482475
6.36,-5.42868302182823,-6.54294647630737,-5.75794540435196,-6.81956887881711,-6.98432924442397,-6.65553296517561
6.38,-5.24424189569851,-6.23514938573965,-5.52092845077999,-7.07836916040463,-6.84144374639465,-6.64249327621623
6.4,-5.06222631346857,-5.93346449855679,-5.32357453514922,-7.44261589024658,-6.68342323888659,-6.66460652510077
6.42,-4.90211238285031,-5.66060606662631,-5.17123339076388,-7.88874124478419,-6.52916415300631,-6.73799372374581
6.44,-4.78245786597455,-5.43707885045951,-5.0681711028419,-8.38148280655752,-6.40365758591308,-6.87832746409845
6.46,-4.71806067908689,-5.27749060556117,-5.01771532241965,-8.87289793433667,-6.33491827289151,-7.09226656574224
6.48,-4.71870041369972,-5.18878103779401,-5.02211383555227,-9.30163171407476,-6.34540119288248,-7.36094152116473
6.5,-4.78953230429917,-5.17097271511757,-5.08257249210462,-9.59858027467848,-6.44138048563932,-7.61979852370635
6.52,-4.93288058747911,-5.21949409072295,-5.1997256736715,-9.70468753563303,-6.60462672524553,-7.76940471084608
6.54,-5.15059546059298,-5.3276615588684,-5.37446219476097,-9.59550591381202,-6.79104313043322,-7.7486137371714
6.56,-5.4463836873804,-5.48856538523816,-5.60870486532332,-9.29396451586291,-6.94351570400591,-7.5890846241234
6.58,-5.82761193454579,-5.69625144716318,-5.90547481972713,-8.85891453081436,-7.01975718034837,-7.36686584274693
6.6,-6.30643224160765,-5.94641480714278,-6.26748222138834,-8.35987630136743,-7.01406629961098,-7.13676517250775
6.62,-6.89962856643304,-6.23680813457466,-6.69353846736087,-7.85735775471469,-6.95076617324065,-6.92116878695512
6.64,-7.62510437740564,-6.56708877072263,-7.17201538411471,-7.39551355099295,-6.86099238462243,-6.7254927702473
6.66,-8.48919370193936,-6.93690465011587,-7.6711124204572,-7.00231702926725,-6.76763835412488,-6.55069984721206
6.68,-9.4525688049898,-7.34011669566719,-8.12999916266513,-6.69130768477849,-6.68367347260551,-6.39811040056785
6.7,-10.3669599492424,-7.75457547439192,-8.46509193992462,-6.46316228996223,-6.61607915884265,-6.26981061680887
6.72,-10.9465966541427,-8.134300935994,-8.60744080508231,-6.3081229365616,-6.56924441913148,-6.16788199654707
6.74,-10.9544447078148,-8.42070054487784,-8.55125093357841,-6.21008693582606,-6.54599982450314,-6.0943152173035
6.76,-10.4808764851434,-8.57831174176698,-8.35715539278791,-6.15120442728624,-6.54671933871868,-6.0519170481139
6.78,-9.81915539439934,-8.62113667724765,-8.10471896052954,-6.11535640609999,-6.56800043085432,-6.04489454672007
6.8,-9.17273634808405,-8.5950351428075,-7.85086194393877,-6.09024247868808,-6.60234819240053,-6.07765763519733
6.82,-8.60570444398169,-8.53878141693109,-7.62141226491514,-6.06873947127906,-6.63918983933271,-6.15199191046872
6.84,-8.11458483566896,-8.46348838906255,-7.4198044936775,-6.04973073855791,-6.66634956554799,-6.26393993272605
6.86,-7.68100410179056,-8.35685636732741,-7.23689795148348,-6.03730479362157,-6.67117366631243,-6.40151866706475
6.88,-7.29163309725168,-8.20011628972024,-7.0588270556003,-6.038292411327,-6.64255722279215,-6.54437479603508
6.9,-6.94178664230341,-7.985379016202,-6.87381113714432,-6.0595063784744,-6.57651547970657,-6.66706880463344
6.92,-6.63318633333249,-7.72321636943734,-6.67703355298639,-6.10613053867251,-6.48509349712007,-6.74697971188015
6.94,-6.37054534162891,-7.43758027013069,-6.47209908219625,-6.18129723902086,-6.40098529548461,-6.77566199687679
6.96,-6.15885412039311,-7.1548901144252,-6.26916597371217,-6.28631190026625,-6.36761874599,-6.76885614769153
6.98,-6.0019658182645,-6.89547799261445,-6.08125115467434,-6.42118405367767,-6.41727043358897,-6.76573772303438
7,-5.90236723177851,-6.66995899215205,-5.92048105322771,-6.58524826106953,-6.55580450467368,-6.81031531845586
1,,,,,,
1.02,,,,,,
1.04,,,,,,
1.06,,,,,,
1.08,,,,,,
1.1,,,,,,
1.12,,,,,,
1.14,,,,,,
1.16,,,,,,
1.18,,,,,,
1.2,,,,,,
1.22,,,,,,
1.24,,,,,,
1.26,,,,,,
1.28,,,,,,
1.3,,,,,,
1.32,,,,,,
1.34,,,,,,
1.36,,,,,,
1.38,,,,,,
1.4,,,,,,
1.42,,,,,,
1.44,,,,,,
1.46,,,,,,
1.48,,,,,,
1.5,,,,,,
1.52,,,,,,
1.54,,,,,,
1.56,,,,,,
1.58,,,,,,
1.6,,,,,,
1.62,,,,,,
1.64,,,,,,
1.66,,,,,,
1.68,,,,,,
1.7,,,,,,
1.72,,,,,,
1.74,,,,,,
1.76,,,,,,
1.78,,,,,,
1.8,,,,,,
1.82,,,,,,
1.84,,,,,,
1.86,,,,,,
1.88,,,,,,
1.9,,,,,,
1.92,,,,,,
1.94,,,,,,
1.96,,,,,,
1.98,,,,,,
2,,,,,,
2.02,,,,,,
2.04,,,,,,
2.06,,,,,,
2.08,,,,,,
2.1,,,,,,
2.12,,,,,,
2.14,,,,,,
2.16,,,,,,
2.18,,,,,,
2.2,,,,,,
2.22,,,,,,
2.24,,,,,,
2.26,,,,,,
2.28,,,,,,
2.3,,,,,,
2.32,,,,,,
2.34,,,,,,
2.36,,,,,,
2.38,,,,,,
2.4,,,,,,
2.42,,,,,,
2.44,,,,,,
2.46,,,,,,
2.48,,,,,,
2.5,,,,,,
2.52,,,,,,
2.54,,,,,,
2.56,,,,,,
2.58,,,,,,
2.6,,,,,,
2.62,,,,,,
2.64,,,,,,
2.66,,,,,,
2.68,,,,,,
2.7,,,,,,
2.72,,,,,,
2.74,,,,,,
2.76,,,,,,
2.78,,,,,,
2.8,,,,,,
2.82,,,,,,
2.84,,,,,,
2.86,,,,,,
2.88,,,,,,
2.9,,,,,,
2.92,,,,,,
2.94,,,,,,
2.96,,,,,,
2.98,,,,,,
3,,,,,,
3.02,,,,,,
3.04,,,,,,
3.06,,,,,,
3.08,,,,,,
3.1,,,,,,
3.12,,,,,,
3.14,,,,,,
3.16,,,,,,
3.18,,,,,,
3.2,,,,,,
3.22,,,,,,
3.24,,,,,,
3.26,,,,,,
3.28,,,,,,
3.3,,,,,,
3.32,,,,,,
3.34,,,,,,
3.36,,,,,,
3.38,,,,,,
3.4,,,,,,
3.42,,,,,,
3.44,,,,,,
3.46,,,,,,
3.48,,,,,,
3.5,,,,,,
3.52,,,,,,
3.54,,,,,,
3.56,,,,,,
3.58,,,,,,
3.6,,,,,,
3.62,,,,,,
3.64,,,,,,
3.66,,,,,,
3.68,,,,,,
3.7,,,,,,
3.72,,,,,,
3.74,,,,,,
3.76,,,,,,
3.78,,,,,,
3.8,,,,,,
3.82,,,,,,
3.84,,,,,,
3.86,,,,,,
3.88,,,,,,
3.9,,,,,,
3.92,,,,,,
3.94,,,,,,
3.96,,,,,,
3.98,,,,,,
4,,,,,,
4.02,,,,,,
4.04,,,,,,
4.06,,,,,,
4.08,,,,,,
4.1,,,,,,
4.12,,,,,,
4.14,,,,,,
4.16,,,,,,
4.18,,,,,,
4.2,,,,,,
4.22,,,,,,
4.24,,,,,,
4.26,,,,,,
4.28,,,,,,
4.3,,,,,,
4.32,,,,,,
4.34,,,,,,
4.36,,,,,,
4.38,,,,,,
4.4,,,,,,
4.42,,,,,,
4.44,,,,,,
4.46,,,,,,
4.48,,,,,,
4.5,,,,,,
4.52,,,,,,
4.54,,,,,,
4.56,,,,,,
4.58,,,,,,
4.6,,,,,,
4.62,,,,,,
4.64,,,,,,
4.66,,,,,,
4.68,,,,,,
4.7,,,,,,
4.72,,,,,,
4.74,,,,,,
4.76,,,,,,
4.78,,,,,,
4.8,,,,,,
4.82,,,,,,
4.84,,,,,,
4.86,,,,,,
4.88,,,,,,
4.9,,,,,,
4.92,,,,,,
4.94,,,,,,
4.96,,,,,,
4.98,,,,,,
5,,,,,,
5.02,,,,,,
5.04,,,,,,
5.06,,,,,,
5.08,,,,,,
5.1,,,,,,
5.12,,,,,,
5.14,,,,,,
5.16,,,,,,
5.18,,,,,,
5.2,,,,,,
5.22,,,,,,
5.24,,,,,,
5.26,,,,,,
5.28,,,,,,
5.3,,,,,,
5.32,,,,,,
5.34,,,,,,
5.36,,,,,,
5.38,,,,,,
5.4,,,,,,
5.42,,,,,,
5.44,,,,,,
5.46,,,,,,
5.48,,,,,,
5.5,,,,,,
5.52,,,,,,
5.54,,,,,,
5.56,,,,,,
5.58,,,,,,
5.6,,,,,,
5.62,,,,,,
5.64,,,,,,
5.66,,,,,,
5.68,,,,,,
5.7,,,,,,
5.72,,,,,,
5.74,,,,,,
5.76,,,,,,
5.78,,,,,,
5.8,,,,,,
5.82,,,,,,
5.84,,,,,,
5.86,,,,,,
5.88,,,,,,
5.9,,,,,,
5.92,,,,,,
5.94,,,,,,
5.96,,,,,,
5.98,,,,,,
6,,,,,,
6.02,,,,,,
6.04,,,,,,
6.06,,,,,,
6.08,,,,,,
6.1,,,,,,
6.12,,,,,,
6.14,,,,,,
6.16,,,,,,
6.18,,,,,,
6.2,,,,,,
6.22,,,,,,
6.24,,,,,,
6.26,,,,,,
6.28,,,,,,
6.3,,,,,,
6.32,,,,,,
6.34,,,,,,
6.36,,,,,,
6.38,,,,,,
6.4,,,,,,
6.42,,,,,,
6.44,,,,,,
6.46,,,,,,
6.48,,,,,,
6.5,,,,,,
6.52,,,,,,
6.54,,,,,,
6.56,,,,,,
6.58,,,,,,
6.6,,,,,,
6.62,,,,,,
6.64,,,,,,
6.66,,,,,,
6.68,,,,,,
6.7,,,,,,
6.72,,,,,,
6.74,,,,,,
6.76,,,,,,
6.78,,,,,,
6.8,,,,,,
6.82,,,,,,
6.84,,,,,,
6.86,,,,,,
6.88,,,,,,
6.9,,,,,,
6.92,,,,,,
6.94,,,,,,
6.96,,,,,,
6.98,,,,,,
7,,,,,,
1,,,,,,
1.02,,,,,,
1.04,,,,,,
1.06,,,,,,
1.08,,,,,,
1.1,,,,,,
1.12,,,,,,
1.14,,,,,,
1.16,,,,,,
1.18,,,,,,
1.2,,,,,,
1.22,,,,,,
1.24,,,,,,
1.26,,,,,,
1.28,,,,,,
1.3,,,,,,
1.32,,,,,,
1.34,,,,,,
1.36,,,,,,
1.38,,,,,,
1.4,,,,,,
1.42,,,,,,
1.44,,,,,,
1.46,,,,,,
1.48,,,,,,
1.5,,,,,,
1.52,,,,,,
1.54,,,,,,
1.56,,,,,,
1.58,,,,,,
1.6,,,,,,
1.62,,,,,,
1.64,,,,,,
1.66,,,,,,
1.68,,,,,,
1.7,,,,,,
1.72,,,,,,
1.74,,,,,,
1.76,,,,,,
1.78,,,,,,
1.8,,,,,,
1.82,,,,,,
1.84,,,,,,
1.86,,,,,,
1.88,,,,,,
1.9,,,,,,
1.92,,,,,,
1.94,,,,,,
1.96,,,,,,
1.98,,,,,,
2,,,,,,
2.02,,,,,,
2.04,,,,,,
2.06,,,,,,
2.08,,,,,,
2.1,,,,,,
2.12,,,,,,
2.14,,,,,,
2.16,,,,,,
2.18,,,,,,
2.2,,,,,,
2.22,,,,,,
2.24,,,,,,
2.26,,,,,,
2.28,,,,,,
2.3,,,,,,
2.32,,,,,,
2.34,,,,,,
2.36,,,,,,
2.38,,,,,,
2.4,,,,,,
2.42,,,,,,
2.44,,,,,,
2.46,,,,,,
2.48,,,,,,
2.5,,,,,,
2.52,,,,,,
2.54,,,,,,
2.56,,,,,,
2.58,,,,,,
2.6,,,,,,
2.62,,,,,,
2.64,,,,,,
2.66,,,,,,
2.68,,,,,,
2.7,,,,,,
2.72,,,,,,
2.74,,,,,,
2.76,,,,,,
2.78,,,,,,
2.8,,,,,,
2.82,,,,,,
2.84,,,,,,
2.86,,,,,,
2.88,,,,,,
2.9,,,,,,
2.92,,,,,,
2.94,,,,,,
2.96,,,,,,
2.98,,,,,,
3,,,,,,
3.02,,,,,,
3.04,,,,,,
3.06,,,,,,
3.08,,,,,,
3.1,,,,,,
3.12,,,,,,
3.14,,,,,,
3.16,,,,,,
3.18,,,,,,
3.2,,,,,,
3.22,,,,,,
3.24,,,,,,
3.26,,,,,,
3.28,,,,,,
3.3,,,,,,
3.32,,,,,,
3.34,,,,,,
3.36,,,,,,
3.38,,,,,,
3.4,,,,,,
3.42,,,,,,
3.44,,,,,,
3.46,,,,,,
3.48,,,,,,
3.5,,,,,,
3.52,,,,,,
3.54,,,,,,
3.56,,,,,,
3.58,,,,,,
3.6,,,,,,
3.62,,,,,,
3.64,,,,,,
3.66,,,,,,
3.68,,,,,,
3.7,,,,,,
3.72,,,,,,
3.74,,,,,,
3.76,,,,,,
3.78,,,,,,
3.8,,,,,,
3.82,,,,,,
3.84,,,,,,
3.86,,,,,,
3.88,,,,,,
3.9,,,,,,
3.92,,,,,,
3.94,,,,,,
3.96,,,,,,
3.98,,,,,,
4,,,,,,
4.02,,,,,,
4.04,,,,,,
4.06,,,,,,
4.08,,,,,,
4.1,,,,,,
4.12,,,,,,
4.14,,,,,,
4.16,,,,,,
4.18,,,,,,
4.2,,,,,,
4.22,,,,,,
4.24,,,,,,
4.26,,,,,,
4.28,,,,,,
4.3,,,,,,
4.32,,,,,,
4.34,,,,,,
4.36,,,,,,
4.38,,,,,,
4.4,,,,,,
4.42,,,,,,
4.44,,,,,,
4.46,,,,,,
4.48,,,,,,
4.5,,,,,,
4.52,,,,,,
4.54,,,,,,
4.56,,,,,,
4.58,,,,,,
4.6,,,,,,
4.62,,,,,,
4.64,,,,,,
4.66,,,,,,
4.68,,,,,,
4.7,,,,,,
4.72,,,,,,
4.74,,,,,,
4.76,,,,,,
4.78,,,,,,
4.8,,,,,,
4.82,,,,,,
4.84,,,,,,
4.86,,,,,,
4.88,,,,,,
4.9,,,,,,
4.92,,,,,,
4.94,,,,,,
4.96,,,,,,
4.98,,,,,,
5,,,,,,
5.02,,,,,,
5.04,,,,,,
5.06,,,,,,
5.08,,,,,,
5.1,,,,,,
5.12,,,,,,
5.14,,,,,,
5.16,,,,,,
5.18,,,,,,
5.2,,,,,,
5.22,,,,,,
5.24,,,,,,
5.26,,,,,,
5.28,,,,,,
5.3,,,,,,
5.32,,,,,,
5.34,,,,,,
5.36,,,,,,
5.38,,,,,,
5.4,,,,,,
5.42,,,,,,
5.44,,,,,,
5.46,,,,,,
5.48,,,,,,
5.5,,,,,,
5.52,,,,,,
5.54,,,,,,
5.56,,,,,,
5.58,,,,,,
5.6,,,,,,
5.62,,,,,,
5.64,,,,,,
5.66,,,,,,
5.68,,,,,,
5.7,,,,,,
5.72,,,,,,
5.74,,,,,,
5.76,,,,,,
5.78,,,,,,
5.8,,,,,,
5.82,,,,,,
5.84,,,,,,
5.86,,,,,,
5.88,,,,,,
5.9,,,,,,
5.92,,,,,,
5.94,,,,,,
5.96,,,,,,
5.98,,,,,,
6,,,,,,
6.02,,,,,,
6.04,,,,,,
6.06,,,,,,
6.08,,,,,,
6.1,,,,,,
6.12,,,,,,
6.14,,,,,,
6.16,,,,,,
6.18,,,,,,
6.2,,,,,,
6.22,,,,,,
6.24,,,,,,
6.26,,,,,,
6.28,,,,,,
6.3,,,,,,
6.32,,,,,,
6.34,,,,,,
6.36,,,,,,
6.38,,,,,,
6.4,,,,,,
6.42,,,,,,
6.44,,,,,,
6.46,,,,,,
6.48,,,,,,
6.5,,,,,,
6.52,,,,,,
6.54,,,,,,
6.56,,,,,,
6.58,,,,,,
6.6,,,,,,
6.62,,,,,,
6.64,,,,,,
6.66,,,,,,
6.68,,,,,,
6.7,,,,,,
6.72,,,,,,
6.74,,,,,,
6.76,,,,,,
6.78,,,,,,
6.8,,,,,,
6.82,,,,,,
6.84,,,,,,
6.86,,,,,,
6.88,,,,,,
6.9,,,,,,
6.92,,,,,,
6.94,,,,,,
6.96,,,,,,
6.98,,,,,,
7,,,,,,
1,,,,,,
1.02,,,,,,
1.04,,,,,,
1.06,,,,,,
1.08,,,,,,
1.1,,,,,,
1.12,,,,,,
1.14,,,,,,
1.16,,,,,,
1.18,,,,,,
1.2,,,,,,
1.22,,,,,,
1.24,,,,,,
1.26,,,,,,
1.28,,,,,,
1.3,,,,,,
1.32,,,,,,
1.34,,,,,,
1.36,,,,,,
1.38,,,,,,
1.4,,,,,,
1.42,,,,,,
1.44,,,,,,
1.46,,,,,,
1.48,,,,,,
1.5,,,,,,
1.52,,,,,,
1.54,,,,,,
1.56,,,,,,
1.58,,,,,,
1.6,,,,,,
1.62,,,,,,
1.64,,,,,,
1.66,,,,,,
1.68,,,,,,
1.7,,,,,,
1.72,,,,,,
1.74,,,,,,
1.76,,,,,,
1.78,,,,,,
1.8,,,,,,
1.82,,,,,,
1.84,,,,,,
1.86,,,,,,
1.88,,,,,,
1.9,,,,,,
1.92,,,,,,
1.94,,,,,,
1.96,,,,,,
1.98,,,,,,
2,,,,,,
2.02,,,,,,
2.04,,,,,,
2.06,,,,,,
2.08,,,,,,
2.1,,,,,,
2.12,,,,,,
2.14,,,,,,
2.16,,,,,,
2.18,,,,,,
2.2,,,,,,
2.22,,,,,,
2.24,,,,,,
2.26,,,,,,
2.28,,,,,,
2.3,,,,,,
2.32,,,,,,
2.34,,,,,,
2.36,,,,,,
2.38,,,,,,
2.4,,,,,,
2.42,,,,,,
2.44,,,,,,
2.46,,,,,,
2.48,,,,,,
2.5,,,,,,
2.52,,,,,,
2.54,,,,,,
2.56,,,,,,
2.58,,,,,,
2.6,,,,,,
2.62,,,,,,
2.64,,,,,,
2.66,,,,,,
2.68,,,,,,
2.7,,,,,,
2.72,,,,,,
2.74,,,,,,
2.76,,,,,,
2.78,,,,,,
2.8,,,,,,
2.82,,,,,,
2.84,,,,,,
2.86,,,,,,
2.88,,,,,,
2.9,,,,,,
2.92,,,,,,
2.94,,,,,,
2.96,,,,,,
2.98,,,,,,
3,,,,,,
3.02,,,,,,
3.04,,,,,,
3.06,,,,,,
3.08,,,,,,
3.1,,,,,,
3.12,,,,,,
3.14,,,,,,
3.16,,,,,,
3.18,,,,,,
3.2,,,,,,
3.22,,,,,,
3.24,,,,,,
3.26,,,,,,
3.28,,,,,,
3.3,,,,,,
3.32,,,,,,
3.34,,,,,,
3.36,,,,,,
3.38,,,,,,
3.4,,,,,,
3.42,,,,,,
3.44,,,,,,
3.46,,,,,,
3.48,,,,,,
3.5,,,,,,
3.52,,,,,,
3.54,,,,,,
3.56,,,,,,
3.58,,,,,,
3.6,,,,,,
3.62,,,,,,
3.64,,,,,,
3.66,,,,,,
3.68,,,,,,
3.7,,,,,,
3.72,,,,,,
3.74,,,,,,
3.76,,,,,,
3.78,,,,,,
3.8,,,,,,
3.82,,,,,,
3.84,,,,,,
3.86,,,,,,
3.88,,,,,,
3.9,,,,,,
3.92,,,,,,
3.94,,,,,,
3.96,,,,,,
3.98,,,,,,
4,,,,,,
4.02,,,,,,
4.04,,,,,,
4.06,,,,,,
4.08,,,,,,
4.1,,,,,,
4.12,,,,,,
4.14,,,,,,
4.16,,,,,,
4.18,,,,,,
4.2,,,,,,
4.22,,,,,,
4.24,,,,,,
4.26,,,,,,
4.28,,,,,,
4.3,,,,,,
4.32,,,,,,
4.34,,,,,,
4.36,,,,,,
4.38,,,,,,
4.4,,,,,,
4.42,,,,,,
4.44,,,,,,
4.46,,,,,,
4.48,,,,,,
4.5,,,,,,
4.52,,,,,,
4.54,,,,,,
4.56,,,,,,
4.58,,,,,,
4.6,,,,,,
4.62,,,,,,
4.64,,,,,,
4.66,,,,,,
4.68,,,,,,
4.7,,,,,,
4.72,,,,,,
4.74,,,,,,
4.76,,,,,,
4.78,,,,,,
4.8,,,,,,
4.82,,,,,,
4.84,,,,,,
4.86,,,,,,
4.88,,,,,,
4.9,,,,,,
4.92,,,,,,
4.94,,,,,,
4.96,,,,,,
4.98,,,,,,
5,,,,,,
5.02,,,,,,
5.04,,,,,,
5.06,,,,,,
5.08,,,,,,
5.1,,,,,,
5.12,,,,,,
5.14,,,,,,
5.16,,,,,,
5.18,,,,,,
5.2,,,,,,
5.22,,,,,,
5.24,,,,,,
5.26,,,,,,
5.28,,,,,,
5.3,,,,,,
5.32,,,,,,
5.34,,,,,,
5.36,,,,,,
5.38,,,,,,
5.4,,,,,,
5.42,,,,,,
5.44,,,,,,
5.46,,,,,,
5.48,,,,,,
5.5,,,,,,
5.52,,,,,,
5.54,,,,,,
5.56,,,,,,
5.58,,,,,,
5.6,,,,,,
5.62,,,,,,
5.64,,,,,,
5.66,,,,,,
5.68,,,,,,
5.7,,,,,,
5.72,,,,,,
5.74,,,,,,
5.76,,,,,,
5.78,,,,,,
5.8,,,,,,
5.82,,,,,,
5.84,,,,,,
5.86,,,,,,
5.88,,,,,,
5.9,,,,,,
5.92,,,,,,
5.94,,,,,,
5.96,,,,,,
5.98,,,,,,
6,,,,,,
6.02,,,,,,
6.04,,,,,,
6.06,,,,,,
6.08,,,,,,
6.1,,,,,,
6.12,,,,,,
6.14,,,,,,
6.16,,,,,,
6.18,,,,,,
6.2,,,,,,
6.22,,,,,,
6.24,,,,,,
6.26,,,,,,
6.28,,,,,,
6.3,,,,,,
6.32,,,,,,
6.34,,,,,,
6.36,,,,,,
6.38,,,,,,
6.4,,,,,,
6.42,,,,,,
6.44,,,,,,
6.46,,,,,,
6.48,,,,,,
6.5,,,,,,
6.52,,,,,,
6.54,,,,,,
6.56,,,,,,
6.58,,,,,,
6.6,,,,,,
6.62,,,,,,
6.64,,,,,,
6.66,,,,,,
6.68,,,,,,
6.7,,,,,,
6.72,,,,,,
6.74,,,,,,
6.76,,,,,,
6.78,,,,,,
6.8,,,,,,
6.82,,,,,,
6.84,,,,,,
6.86,,,,,,
6.88,,,,,,
6.9,,,,,,
6.92,,,,,,
6.94,,,,,,
6.96,,,,,,
6.98,,,,,,
7,,,,,,
1,,,,,,
1.02,,,,,,
1.04,,,,,,
1.06,,,,,,
1.08,,,,,,
1.1,,,,,,
1.12,,,,,,
1.14,,,,,,
1.16,,,,,,
1.18,,,,,,
1.2,,,,,,
1.22,,,,,,
1.24,,,,,,
1.26,,,,,,
1.28,,,,,,
1.3,,,,,,
1.32,,,,,,
1.34,,,,,,
1.36,,,,,,
1.38,,,,,,
1.4,,,,,,
1.42,,,,,,
1.44,,,,,,
1.46,,,,,,
1.48,,,,,,
1.5,,,,,,
1.52,,,,,,
1.54,,,,,,
1.56,,,,,,
1.58,,,,,,
1.6,,,,,,
1.62,,,,,,
1.64,,,,,,
1.66,,,,,,
1.68,,,,,,
1.7,,,,,,
1.72,,,,,,
1.74,,,,,,
1.76,,,,,,
1.78,,,,,,
1.8,,,,,,
1.82,,,,,,
1.84,,,,,,
1.86,,,,,,
1.88,,,,,,
1.9,,,,,,
1.92,,,,,,
1.94,,,,,,
1.96,,,,,,
1.98,,,,,,
2,,,,,,
2.02,,,,,,
2.04,,,,,,
2.06,,,,,,
2.08,,,,,,
2.1,,,,,,
2.12,,,,,,
2.14,,,,,,
2.16,,,,,,
2.18,,,,,,
2.2,,,,,,
2.22,,,,,,
2.24,,,,,,
2.26,,,,,,
2.28,,,,,,
2.3,,,,,,
2.32,,,,,,
2.34,,,,,,
2.36,,,,,,
2.38,,,,,,
2.4,,,,,,
2.42,,,,,,
2.44,,,,,,
2.46,,,,,,
2.48,,,,,,
2.5,,,,,,
2.52,,,,,,
2.54,,,,,,
2.56,,,,,,
2.58,,,,,,
2.6,,,,,,
2.62,,,,,,
2.64,,,,,,
2.66,,,,,,
2.68,,,,,,
2.7,,,,,,
2.72,,,,,,
2.74,,,,,,
2.76,,,,,,
2.78,,,,,,
2.8,,,,,,
2.82,,,,,,
2.84,,,,,,
2.86,,,,,,
2.88,,,,,,
2.9,,,,,,
2.92,,,,,,
2.94,,,,,,
2.96,,,,,,
2.98,,,,,,
3,,,,,,
3.02,,,,,,
3.04,,,,,,
3.06,,,,,,
3.08,,,,,,
3.1,,,,,,
3.12,,,,,,
3.14,,,,,,
3.16,,,,,,
3.18,,,,,,
3.2,,,,,,
3.22,,,,,,
3.24,,,,,,
3.26,,,,,,
3.28,,,,,,
3.3,,,,,,
3.32,,,,,,
3.34,,,,,,
3.36,,,,,,
3.38,,,,,,
3.4,,,,,,
3.42,,,,,,
3.44,,,,,,
3.46,,,,,,
3.48,,,,,,
3.5,,,,,,
3.52,,,,,,
3.54,,,,,,
3.56,,,,,,
3.58,,,,,,
3.6,,,,,,
3.62,,,,,,
3.64,,,,,,
3.66,,,,,,
3.68,,,,,,
3.7,,,,,,
3.72,,,,,,
3.74,,,,,,
3.76,,,,,,
3.78,,,,,,
3.8,,,,,,
3.82,,,,,,
3.84,,,,,,
3.86,,,,,,
3.88,,,,,,
3.9,,,,,,
3.92,,,,,,
3.94,,,,,,
3.96,,,,,,
3.98,,,,,,
4,,,,,,
4.02,,,,,,
4.04,,,,,,
4.06,,,,,,
4.08,,,,,,
4.1,,,,,,
4.12,,,,,,
4.14,,,,,,
4.16,,,,,,
4.18,,,,,,
4.2,,,,,,
4.22,,,,,,
4.24,,,,,,
4.26,,,,,,
4.28,,,,,,
4.3,,,,,,
4.32,,,,,,
4.34,,,,,,
4.36,,,,,,
4.38,,,,,,
4.4,,,,,,
4.42,,,,,,
4.44,,,,,,
4.46,,,,,,
4.48,,,,,,
4.5,,,,,,
4.52,,,,,,
4.54,,,,,,
4.56,,,,,,
4.58,,,,,,
4.6,,,,,,
4.62,,,,,,
4.64,,,,,,
4.66,,,,,,
4.68,,,,,,
4.7,,,,,,
4.72,,,,,,
4.74,,,,,,
4.76,,,,,,
4.78,,,,,,
4.8,,,,,,
4.82,,,,,,
4.84,,,,,,
4.86,,,,,,
4.88,,,,,,
4.9,,,,,,
4.92,,,,,,
4.94,,,,,,
4.96,,,,,,
4.98,,,,,,
5,,,,,,
5.02,,,,,,
5.04,,,,,,
5.06,,,,,,
5.08,,,,,,
5.1,,,,,,
5.12,,,,,,
5.14,,,,,,
5.16,,,,,,
5.18,,,,,,
5.2,,,,,,
5.22,,,,,,
5.24,,,,,,
5.26,,,,,,
5.28,,,,,,
5.3,,,,,,
5.32,,,,,,
5.34,,,,,,
5.36,,,,,,
5.38,,,,,,
5.4,,,,,,
5.42,,,,,,
5.44,,,,,,
5.46,,,,,,
5.48,,,,,,
5.5,,,,,,
5.52,,,,,,
5.54,,,,,,
5.56,,,,,,
5.58,,,,,,
5.6,,,,,,
5.62,,,,,,
5.64,,,,,,
5.66,,,,,,
5.68,,,,,,
5.7,,,,,,
5.72,,,,,,
5.74,,,,,,
5.76,,,,,,
5.78,,,,,,
5.8,,,,,,
5.82,,,,,,
5.84,,,,,,
5.86,,,,,,
5.88,,,,,,
5.9,,,,,,
5.92,,,,,,
5.94,,,,,,
5.96,,,,,,
5.98,,,,,,
6,,,,,,
6.02,,,,,,
6.04,,,,,,
6.06,,,,,,
6.08,,,,,,
6.1,,,,,,
6.12,,,,,,
6.14,,,,,,
6.16,,,,,,
6.18,,,,,,
6.2,,,,,,
6.22,,,,,,
6.24,,,,,,
6.26,,,,,,
6.28,,,,,,
6.3,,,,,,
6.32,,,,,,
6.34,,,,,,
6.36,,,,,,
6.38,,,,,,
6.4,,,,,,
6.42,,,,,,
6.44,,,,,,
6.46,,,,,,
6.48,,,,,,
6.5,,,,,,
6.52,,,,,,
6.54,,,,,,
6.56,,,,,,
6.58,,,,,,
6.6,,,,,,
6.62,,,,,,
6.64,,,,,,
6.66,,,,,,
6.68,,,,,,
6.7,,,,,,
6.72,,,,,,
6.74,,,,,,
6.76,,,,,,
6.78,,,,,,
6.8,,,,,,
6.82,,,,,,
6.84,,,,,,
6.86,,,,,,
6.88,,,,,,
6.9,,,,,,
6.92,,,,,,
6.94,,,,,,
6.96,,,,,,
6.98,,,,,,
7,,,,,,
1,,,,,,
1.02,,,,,,
1.04,,,,,,
1.06,,,,,,
1.08,,,,,,
1.1,,,,,,
1.12,,,,,,
1.14,,,,,,
1.16,,,,,,
1.18,,,,,,
1.2,,,,,,
1.22,,,,,,
1.24,,,,,,
1.26,,,,,,
1.28,,,,,,
1.3,,,,,,
1.32,,,,,,
1.34,,,,,,
1.36,,,,,,
1.38,,,,,,
1.4,,,,,,
1.42,,,,,,
1.44,,,,,,
1.46,,,,,,
1.48,,,,,,
1.5,,,,,,
1.52,,,,,,
1.54,,,,,,
1.56,,,,,,
1.58,,,,,,
1.6,,,,,,
1.62,,,,,,
1.64,,,,,,
1.66,,,,,,
1.68,,,,,,
1.7,,,,,,
1.72,,,,,,
1.74,,,,,,
1.76,,,,,,
1.78,,,,,,
1.8,,,,,,
1.82,,,,,,
1.84,,,,,,
1.86,,,,,,
1.88,,,,,,
1.9,,,,,,
1.92,,,,,,
1.94,,,,,,
1.96,,,,,,
1.98,,,,,,
2,,,,,,
2.02,,,,,,
2.04,,,,,,
2.06,,,,,,
2.08,,,,,,
2.1,,,,,,
2.12,,,,,,
2.14,,,,,,
2.16,,,,,,
2.18,,,,,,
2.2,,,,,,
2.22,,,,,,
2.24,,,,,,
2.26,,,,,,
2.28,,,,,,
2.3,,,,,,
2.32,,,,,,
2.34,,,,,,
2.36,,,,,,
2.38,,,,,,
2.4,,,,,,
2.42,,,,,,
2.44,,,,,,
2.46,,,,,,
2.48,,,,,,
2.5,,,,,,
2.52,,,,,,
2.54,,,,,,
2.56,,,,,,
2.58,,,,,,
2.6,,,,,,
2.62,,,,,,
2.64,,,,,,
2.66,,,,,,
2.68,,,,,,
2.7,,,,,,
2.72,,,,,,
2.74,,,,,,
2.76,,,,,,
2.78,,,,,,
2.8,,,,,,
2.82,,,,,,
2.84,,,,,,
2.86,,,,,,
2.88,,,,,,
2.9,,,,,,
2.92,,,,,,
2.94,,,,,,
2.96,,,,,,
2.98,,,,,,
3,,,,,,
3.02,,,,,,
3.04,,,,,,
3.06,,,,,,
3.08,,,,,,
3.1,,,,,,
3.12,,,,,,
3.14,,,,,,
3.16,,,,,,
3.18,,,,,,
3.2,,,,,,
3.22,,,,,,
3.24,,,,,,
3.26,,,,,,
3.28,,,,,,
3.3,,,,,,
3.32,,,,,,
3.34,,,,,,
3.36,,,,,,
3.38,,,,,,
3.4,,,,,,
3.42,,,,,,
3.44,,,,,,
3.46,,,,,,
3.48,,,,,,
3.5,,,,,,
3.52,,,,,,
3.54,,,,,,
3.56,,,,,,
3.58,,,,,,
3.6,,,,,,
3.62,,,,,,
3.64,,,,,,
3.66,,,,,,
3.68,,,,,,
3.7,,,,,,
3.72,,,,,,
3.74,,,,,,
3.76,,,,,,
3.78,,,,,,
3.8,,,,,,
3.82,,,,,,
3.84,,,,,,
3.86,,,,,,
3.88,,,,,,
3.9,,,,,,
3.92,,,,,,
3.94,,,,,,
3.96,,,,,,
3.98,,,,,,
4,,,,,,
4.02,,,,,,
4.04,,,,,,
4.06,,,,,,
4.08,,,,,,
4.1,,,,,,
4.12,,,,,,
4.14,,,,,,
4.16,,,,,,
4.18,,,,,,
4.2,,,,,,
4.22,,,,,,
4.24,,,,,,
4.26,,,,,,
4.28,,,,,,
4.3,,,,,,
4.32,,,,,,
4.34,,,,,,
4.36,,,,,,
4.38,,,,,,
4.4,,,,,,
4.42,,,,,,
4.44,,,,,,
4.46,,,,,,
4.48,,,,,,
4.5,,,,,,
4.52,,,,,,
4.54,,,,,,
4.56,,,,,,
4.58,,,,,,
4.6,,,,,,
4.62,,,,,,
4.64,,,,,,
4.66,,,,,,
4.68,,,,,,
4.7,,,,,,
4.72,,,,,,
4.74,,,,,,
4.76,,,,,,
4.78,,,,,,
4.8,,,,,,
4.82,,,,,,
4.84,,,,,,
4.86,,,,,,
4.88,,,,,,
4.9,,,,,,
4.92,,,,,,
4.94,,,,,,
4.96,,,,,,
4.98,,,,,,
5,,,,,,
5.02,,,,,,
5.04,,,,,,
5.06,,,,,,
5.08,,,,,,
5.1,,,,,,
5.12,,,,,,
5.14,,,,,,
5.16,,,,,,
5.18,,,,,,
5.2,,,,,,
5.22,,,,,,
5.24,,,,,,
5.26,,,,,,
5.28,,,,,,
5.3,,,,,,
5.32,,,,,,
5.34,,,,,,
5.36,,,,,,
5.38,,,,,,
5.4,,,,,,
5.42,,,,,,
5.44,,,,,,
5.46,,,,,,
5.48,,,,,,
5.5,,,,,,
5.52,,,,,,
5.54,,,,,,
5.56,,,,,,
5.58,,,,,,
5.6,,,,,,
5.62,,,,,,
5.64,,,,,,
5.66,,,,,,
5.68,,,,,,
5.7,,,,,,
5.72,,,,,,
5.74,,,,,,
5.76,,,,,,
5.78,,,,,,
5.8,,,,,,
5.82,,,,,,
5.84,,,,,,
5.86,,,,,,
5.88,,,,,,
5.9,,,,,,
5.92,,,,,,
5.94,,,,,,
5.96,,,,,,
5.98,,,,,,
6,,,,,,
6.02,,,,,,
6.04,,,,,,
6.06,,,,,,
6.08,,,,,,
6.1,,,,,,
6.12,,,,,,
6.14,,,,,,
6.16,,,,,,
6.18,,,,,,
6.2,,,,,,
6.22,,,,,,
6.24,,,,,,
6.26,,,,,,
6.28,,,,,,
6.3,,,,,,
6.32,,,,,,
6.34,,,,,,
6.36,,,,,,
6.38,,,,,,
6.4,,,,,,
6.42,,,,,,
6.44,,,,,,
6.46,,,,,,
6.48,,,,,,
6.5,,,,,,
6.52,,,,,,
6.54,,,,,,
6.56,,,,,,
6.58,,,,,,
6.6,,,,,,
6.62,,,,,,
6.64,,,,,,
6.66,,,,,,
6.68,,,,,,
6.7,,,,,,
6.72,,,,,,
6.74,,,,,,
6.76,,,,,,
6.78,,,,,,
6.8,,,,,,
6.82,,,,,,
6.84,,,,,,
6.86,,,,,,
6.88,,,,,,
6.9,,,,,,
6.92,,,,,,
6.94,,,,,,
6.96,,,,,,
6.98,,,,,,
7,,,,,,
